id,name,model_id,group_id/id,operation,domain
access_l10n_br_hr_cbo,access_l10n_br_hr_cbo,l10n_br_hr.cbo,hr.group_hr_manager,crud,
access_hr_deficiency_manager,access_hr_deficiency_manager,hr.deficiency,hr.group_hr_manager,crud,
access_hr_deficiency,access_hr_deficiency,hr.deficiency,hr.group_hr_user,r,
access_hr_identity_type_manager,access_hr_identity_type_manager,hr.identity.type,hr.group_hr_manager,crud,
access_hr_identity_type,access_hr_identity_type,hr.identity.type,hr.group_hr_user,r,
access_hr_civil_certificate_type_manager,access_hr_civil_certificate_type_manager,hr.civil.certificate.type,hr.group_hr_manager,crud,
access_hr_civil_certificate_type,access_hr_civil_certificate_type,hr.civil.certificate.type,hr.group_hr_user,r,
access_hr_ethnicity_manager,access_hr_ethnicity_manager,hr.ethnicity,hr.group_hr_manager,crud,
access_hr_ethnicity,access_hr_ethnicity,hr.ethnicity,hr.group_hr_user,r,
