id,name,meaning,start_pos,end_pos,assumed_comma,type,default_value,cnab_line_id/id,notes,sending_dynamic_content,content_source_field,return_dynamic_content,content_dest_field,cnab_group_id/id
cnab_sicredi_240_header_1_3,Banco,Código do Banco na Compensação,1,3,0,num,748,l10n_br_cnab_structure.cnab_sicredi_240_header,G001,,company_partner_bank_id.bank_id.code_bc,,,""
cnab_sicredi_240_header_4_7,Lote,Lote de Serviço,4,7,0,num,0,l10n_br_cnab_structure.cnab_sicredi_240_header,*G002,,,,,""
cnab_sicredi_240_header_8_8,Registro,Tipo de Registro,8,8,0,num,0,l10n_br_cnab_structure.cnab_sicredi_240_header,*G003,,,,,""
cnab_sicredi_240_header_9_17,CNAB,Uso Exclusivo FEBRABAN / CNAB,9,17,0,alpha,,l10n_br_cnab_structure.cnab_sicredi_240_header,G004,,,,,""
cnab_sicredi_240_header_18_18,Tipo,Tipo de Inscrição da Empresa,18,18,0,num,2,l10n_br_cnab_structure.cnab_sicredi_240_header,*G005,,,,,""
cnab_sicredi_240_header_19_32,Número,Número de Inscrição da Empresa,19,32,0,num,,l10n_br_cnab_structure.cnab_sicredi_240_header,*G006,,company_id.cnpj_cpf,,cnpj_cpf,""
cnab_sicredi_240_header_33_52,Convênio,Código do Convênio,33,52,0,alpha,,l10n_br_cnab_structure.cnab_sicredi_240_header,*G007,,cnab_config_id.cnab_company_bank_code,,,""
cnab_sicredi_240_header_53_57,Código,Agência Mantenedora da Conta,53,57,0,num,,l10n_br_cnab_structure.cnab_sicredi_240_header,*G008,,company_partner_bank_id.bra_number,,,""
cnab_sicredi_240_header_58_58,DV,Dígito Verificador da Agência,58,58,0,alpha,,l10n_br_cnab_structure.cnab_sicredi_240_header,*G009,,company_partner_bank_id.bra_number_dig,,,""
cnab_sicredi_240_header_59_70,Número,Número da Conta Corrente,59,70,0,num,,l10n_br_cnab_structure.cnab_sicredi_240_header,*G010,,company_partner_bank_id.acc_number,,bank_acc_number,""
cnab_sicredi_240_header_71_71,DV,Dígito Verificador da Conta,71,71,0,num,,l10n_br_cnab_structure.cnab_sicredi_240_header,*G011,,company_partner_bank_id.acc_number_dig,,,""
cnab_sicredi_240_header_72_72,DV,Dígito Verificador da Ag/Conta,72,72,0,alpha,,l10n_br_cnab_structure.cnab_sicredi_240_header,*G012,,,,,""
cnab_sicredi_240_header_73_102,Nome,Nome da Empresa,73,102,0,alpha,,l10n_br_cnab_structure.cnab_sicredi_240_header,G013,,company_id.legal_name,,,""
cnab_sicredi_240_header_103_132,Nome do Banco,Nome do Banco,103,132,0,alpha,,l10n_br_cnab_structure.cnab_sicredi_240_header,G014,,company_partner_bank_id.bank_id.name,,,""
cnab_sicredi_240_header_133_142,CNAB,Uso Exclusivo FEBRABAN / CNAB,133,142,0,alpha,,l10n_br_cnab_structure.cnab_sicredi_240_header,G004,,,,,""
cnab_sicredi_240_header_143_143,Código,Código Remessa / Retorno,143,143,0,num,,l10n_br_cnab_structure.cnab_sicredi_240_header,G015,,,,,""
cnab_sicredi_240_header_144_151,Data de Geração,Data de Geração do Arquivo,144,151,0,num,,l10n_br_cnab_structure.cnab_sicredi_240_header,G016,"time.strftime(""%d%m%Y"")",,"datetime.strptime(content,""%d%m%Y"") if content and content.strip() and content != ""00000000"" else False",cnab_date_file,""
cnab_sicredi_240_header_152_157,Hora de Geração,Hora de Geração do Arquivo,152,157,0,num,,l10n_br_cnab_structure.cnab_sicredi_240_header,G017,"time.strftime(""%H%M%S"")",,,,""
cnab_sicredi_240_header_158_163,Sequência (NSA),Número Sequencial do Arquivo,158,163,0,num,,l10n_br_cnab_structure.cnab_sicredi_240_header,*G018,seq_batch,,,,""
cnab_sicredi_240_header_164_166,Layout do Arquivo,Nº da Versão do Layout do Arquivo,164,166,0,num,87,l10n_br_cnab_structure.cnab_sicredi_240_header,*G019,,,,,""
cnab_sicredi_240_header_167_171,Densidade,Densidade de Gravação do Arquivo,167,171,0,num,0,l10n_br_cnab_structure.cnab_sicredi_240_header,G020,,,,,""
cnab_sicredi_240_header_172_191,Reservado Banco,Para Uso Reservado do Banco,172,191,0,alpha,,l10n_br_cnab_structure.cnab_sicredi_240_header,G021,,,,,""
cnab_sicredi_240_header_192_211,Reservado Empresa,Para Uso Reservado da Empresa,192,211,0,alpha,,l10n_br_cnab_structure.cnab_sicredi_240_header,G022,,,,,""
cnab_sicredi_240_header_212_240,CNAB,Uso Exclusivo FEBRABAN / CNAB,212,240,0,alpha,,l10n_br_cnab_structure.cnab_sicredi_240_header,G004,,,,,""
cnab_sicredi_240_pagamentos_header_1_3,Banco,Código do Banco na Compensação,1,3,0,num,748,l10n_br_cnab_structure.cnab_sicredi_240_pagamentos_header,G001,,company_partner_bank_id.bank_id.code_bc,,,""
cnab_sicredi_240_pagamentos_header_4_7,Lote,Lote de Serviço,4,7,0,num,,l10n_br_cnab_structure.cnab_sicredi_240_pagamentos_header,*G002,seq_batch,,,seq_number,""
cnab_sicredi_240_pagamentos_header_8_8,Registro,Tipo de Registro,8,8,0,num,1,l10n_br_cnab_structure.cnab_sicredi_240_pagamentos_header,*G003,,,,,""
cnab_sicredi_240_pagamentos_header_9_9,Operação,Tipo da Operação,9,9,0,alpha,C,l10n_br_cnab_structure.cnab_sicredi_240_pagamentos_header,*G028,,,,,""
cnab_sicredi_240_pagamentos_header_10_11,Serviço,Tipo do Serviço,10,11,0,num,,l10n_br_cnab_structure.cnab_sicredi_240_pagamentos_header,*G025,payment_type_code,,,,""
cnab_sicredi_240_pagamentos_header_12_13,Forma Lançamento,Forma de Lançamento,12,13,0,num,,l10n_br_cnab_structure.cnab_sicredi_240_pagamentos_header,*G029,payment_way_code,,,,""
cnab_sicredi_240_pagamentos_header_14_16,Layout do Lote,Nº da Versão do Layout do Lote,14,16,0,num,45,l10n_br_cnab_structure.cnab_sicredi_240_pagamentos_header,*G030,,,,,""
cnab_sicredi_240_pagamentos_header_17_17,CNAB,Uso Exclusivo da FEBRABAN/CNAB,17,17,0,alpha,,l10n_br_cnab_structure.cnab_sicredi_240_pagamentos_header,G004,,,,,""
cnab_sicredi_240_pagamentos_header_18_18,Tipo,Tipo de Inscrição da Empresa,18,18,0,num,2,l10n_br_cnab_structure.cnab_sicredi_240_pagamentos_header,*G005,,,,,""
cnab_sicredi_240_pagamentos_header_19_32,Número,Número de Inscrição da Empresa,19,32,0,num,,l10n_br_cnab_structure.cnab_sicredi_240_pagamentos_header,*G006,,company_id.cnpj_cpf,,,""
cnab_sicredi_240_pagamentos_header_33_52,Convênio,Código do Convênio no Banco,33,52,0,alpha,,l10n_br_cnab_structure.cnab_sicredi_240_pagamentos_header,*G007,,cnab_config_id.cnab_company_bank_code,,,""
cnab_sicredi_240_pagamentos_header_53_57,Código,Agência Mantenedora da Conta,53,57,0,num,,l10n_br_cnab_structure.cnab_sicredi_240_pagamentos_header,*G008,,company_partner_bank_id.bra_number,,,""
cnab_sicredi_240_pagamentos_header_58_58,DV,Dígito Verificador da Agência,58,58,0,alpha,,l10n_br_cnab_structure.cnab_sicredi_240_pagamentos_header,*G009,,company_partner_bank_id.bra_number_dig,,,""
cnab_sicredi_240_pagamentos_header_59_70,Número,Número da Conta Corrente,59,70,0,num,,l10n_br_cnab_structure.cnab_sicredi_240_pagamentos_header,*G010,,company_partner_bank_id.acc_number,,,""
cnab_sicredi_240_pagamentos_header_71_71,DV,Dígito Verificador da Conta,71,71,0,num,,l10n_br_cnab_structure.cnab_sicredi_240_pagamentos_header,*G011,,company_partner_bank_id.acc_number_dig,,,""
cnab_sicredi_240_pagamentos_header_72_72,DV,Dígito Verificador da Ag/Conta,72,72,0,alpha,,l10n_br_cnab_structure.cnab_sicredi_240_pagamentos_header,*G012,,,,,""
cnab_sicredi_240_pagamentos_header_73_102,Nome,Nome da Empresa,73,102,0,alpha,,l10n_br_cnab_structure.cnab_sicredi_240_pagamentos_header,G013,,company_id.legal_name,,,""
cnab_sicredi_240_pagamentos_header_103_142,Informação 1,Mensagem,103,142,0,alpha,,l10n_br_cnab_structure.cnab_sicredi_240_pagamentos_header,*G031,,,,,""
cnab_sicredi_240_pagamentos_header_143_172,Logradouro,"Nome da Rua, Av, Pça, Etc",143,172,0,alpha,,l10n_br_cnab_structure.cnab_sicredi_240_pagamentos_header,G032,,company_id.street_name,,,""
cnab_sicredi_240_pagamentos_header_173_177,Número,Número do Local,173,177,0,num,,l10n_br_cnab_structure.cnab_sicredi_240_pagamentos_header,G032,,company_id.street_number,,,""
cnab_sicredi_240_pagamentos_header_178_192,Complemento,"Casa, Apto, Sala, Etc",178,192,0,alpha,,l10n_br_cnab_structure.cnab_sicredi_240_pagamentos_header,G032,,company_id.street2,,,""
cnab_sicredi_240_pagamentos_header_193_212,Cidade,Nome da Cidade,193,212,0,alpha,,l10n_br_cnab_structure.cnab_sicredi_240_pagamentos_header,G033,,company_id.city_id.name,,,""
cnab_sicredi_240_pagamentos_header_213_217,CEP,CEP,213,217,0,num,,l10n_br_cnab_structure.cnab_sicredi_240_pagamentos_header,G034,,company_id.zip,,,""
cnab_sicredi_240_pagamentos_header_218_220,Complemento CEP,Complemento do CEP,218,220,0,alpha,,l10n_br_cnab_structure.cnab_sicredi_240_pagamentos_header,G035,,,,,""
cnab_sicredi_240_pagamentos_header_221_222,Estado,Sigla do Estado,221,222,0,alpha,,l10n_br_cnab_structure.cnab_sicredi_240_pagamentos_header,G036,,company_id.state_id.code,,,""
cnab_sicredi_240_pagamentos_header_223_224,Indicativo de Forma de Pagamento,Indicativo da Forma de Pagamento do Serviço,223,224,0,num,,l10n_br_cnab_structure.cnab_sicredi_240_pagamentos_header,P014,,,,,""
cnab_sicredi_240_pagamentos_header_225_230,BRANCOS,USO EXCLUSIVO FEBRABAN/CNAB,225,230,0,alpha,,l10n_br_cnab_structure.cnab_sicredi_240_pagamentos_header,G004,,,,,""
cnab_sicredi_240_pagamentos_header_231_240,OCORRÊNCIAS,CÓDIGO OCORRÊNCIAS P/RETORNO,231,240,0,alpha,0,l10n_br_cnab_structure.cnab_sicredi_240_pagamentos_header,G059,,,,,""
cnab_sicredi_240_pagamentos_segmento_a_1_3,Banco,Código do Banco na Compensação,1,3,0,num,748,l10n_br_cnab_structure.cnab_sicredi_240_pagamentos_segmento_a,G001,,,,bank_code,""
cnab_sicredi_240_pagamentos_segmento_a_4_7,Lote,Lote de Serviço,4,7,0,num,,l10n_br_cnab_structure.cnab_sicredi_240_pagamentos_segmento_a,*G002,seq_batch,,,batch_code,""
cnab_sicredi_240_pagamentos_segmento_a_8_8,Registro,Tipo de Registro,8,8,0,num,3,l10n_br_cnab_structure.cnab_sicredi_240_pagamentos_segmento_a,*G003,,,,record_type,""
cnab_sicredi_240_pagamentos_segmento_a_9_13,Nº do Registro,Nº Sequencial do Registro no Lote,9,13,0,num,,l10n_br_cnab_structure.cnab_sicredi_240_pagamentos_segmento_a,*G038,seq_record_detail,,,seq_number,""
cnab_sicredi_240_pagamentos_segmento_a_14_14,Segmento,Código de Segmento do Reg. Detalhe,14,14,0,alpha,A,l10n_br_cnab_structure.cnab_sicredi_240_pagamentos_segmento_a,*G039,segment_code,,,segment,""
cnab_sicredi_240_pagamentos_segmento_a_15_15,Tipo,Tipo de Movimento,15,15,0,num,,l10n_br_cnab_structure.cnab_sicredi_240_pagamentos_segmento_a,*G060,,,,move_type_code,""
cnab_sicredi_240_pagamentos_segmento_a_16_17,Código,Código da Instrução p/ Movimento,16,17,0,num,,l10n_br_cnab_structure.cnab_sicredi_240_pagamentos_segmento_a,G061,,,,,""
cnab_sicredi_240_pagamentos_segmento_a_18_20,Câmara,Código da Câmara Centralizadora,18,20,0,num,,l10n_br_cnab_structure.cnab_sicredi_240_pagamentos_segmento_a,*P001,,cnab_payment_way_id.clearinghouse_code,,centralizing_chamber_code,""
cnab_sicredi_240_pagamentos_segmento_a_21_23,Banco,Código do Banco do Favorecido,21,23,0,num,,l10n_br_cnab_structure.cnab_sicredi_240_pagamentos_segmento_a,P002,,partner_bank_id.bank_id.code_bc,,partner_bank_code,""
cnab_sicredi_240_pagamentos_segmento_a_24_28,Código,Ag. Mantenedora da Cta do Favor.,24,28,0,num,,l10n_br_cnab_structure.cnab_sicredi_240_pagamentos_segmento_a,*G008,,partner_bank_id.bra_number,,partner_bank_branch,""
cnab_sicredi_240_pagamentos_segmento_a_29_29,DV,Dígito Verificador da Agência,29,29,0,alpha,,l10n_br_cnab_structure.cnab_sicredi_240_pagamentos_segmento_a,*G009,,partner_bank_id.bra_number,,,""
cnab_sicredi_240_pagamentos_segmento_a_30_41,Número,Número da Conta Corrente,30,41,0,num,,l10n_br_cnab_structure.cnab_sicredi_240_pagamentos_segmento_a,*G010,,partner_bank_id.acc_number,,partner_bank_account,""
cnab_sicredi_240_pagamentos_segmento_a_42_42,DV,Dígito Verificador da Conta,42,42,0,num,,l10n_br_cnab_structure.cnab_sicredi_240_pagamentos_segmento_a,*G011,,partner_bank_id.acc_number_dig,,partner_bank_account_dac,""
cnab_sicredi_240_pagamentos_segmento_a_43_43,DV,Dígito Verificador da AG/Conta,43,43,0,alpha,,l10n_br_cnab_structure.cnab_sicredi_240_pagamentos_segmento_a,*G012,,partner_bank_id.acc_number_dig,,partner_bank_account_dac,""
cnab_sicredi_240_pagamentos_segmento_a_44_73,Nome,Nome do Favorecido,44,73,0,alpha,,l10n_br_cnab_structure.cnab_sicredi_240_pagamentos_segmento_a,G013,,cnab_beneficiary_name,,partner_name,""
cnab_sicredi_240_pagamentos_segmento_a_74_93,Seu Número,Nº do Docum. Atribuído p/ Empresa,74,93,0,alpha,,l10n_br_cnab_structure.cnab_sicredi_240_pagamentos_segmento_a,G064,,name,,your_number,""
cnab_sicredi_240_pagamentos_segmento_a_94_101,Data Pagamento,Data do Pagamento,94,101,0,num,,l10n_br_cnab_structure.cnab_sicredi_240_pagamentos_segmento_a,P009,"content.strftime(""%d%m%Y"") if content else time.strftime(""%d%m%Y"")",date,"datetime.strptime(content,""%d%m%Y"") if content and content.strip() and content != ""00000000"" else False",expected_payment_date,""
cnab_sicredi_240_pagamentos_segmento_a_102_104,Tipo,Tipo da Moeda,102,104,0,alpha,BRL,l10n_br_cnab_structure.cnab_sicredi_240_pagamentos_segmento_a,*G040,,,,currency_type,""
cnab_sicredi_240_pagamentos_segmento_a_105_119,Quantidade,Quantidade da Moeda,105,119,0,num,,l10n_br_cnab_structure.cnab_sicredi_240_pagamentos_segmento_a,G041,,,,,""
cnab_sicredi_240_pagamentos_segmento_a_120_134,Valor Pagamento,Valor do Pagamento,120,134,0,num,,l10n_br_cnab_structure.cnab_sicredi_240_pagamentos_segmento_a,P010,,amount_currency,,title_value,""
cnab_sicredi_240_pagamentos_segmento_a_135_154,Nosso Número,Nº do Docum. Atribuído pelo Banco,135,154,0,alpha,,l10n_br_cnab_structure.cnab_sicredi_240_pagamentos_segmento_a,*G043,,,,own_number,""
cnab_sicredi_240_pagamentos_segmento_a_155_162,Data Real,Data Real da Efetivação Pgto,155,162,0,num,,l10n_br_cnab_structure.cnab_sicredi_240_pagamentos_segmento_a,P003,,,"datetime.strptime(content,""%d%m%Y"") if content and content.strip() and content != ""00000000"" else False",real_payment_date,""
cnab_sicredi_240_pagamentos_segmento_a_163_177,Valor Real,Valor Real da Efetivação do Pgto,163,177,0,num,,l10n_br_cnab_structure.cnab_sicredi_240_pagamentos_segmento_a,P004,,,,payment_value,""
cnab_sicredi_240_pagamentos_segmento_a_178_217,Informação 2,Outras Informações – Vide formatação em G031 para identificação de Deposito Judicial e Pgto.Salários de servidores pelo SIAPE,178,217,0,alpha,,l10n_br_cnab_structure.cnab_sicredi_240_pagamentos_segmento_a,*G031,,,,additional_info,""
cnab_sicredi_240_pagamentos_segmento_a_218_219,CNAB,Uso Exclusivo FEBRABAN/CNAB,218,219,0,alpha,,l10n_br_cnab_structure.cnab_sicredi_240_pagamentos_segmento_a,G004,,,,,""
cnab_sicredi_240_pagamentos_segmento_a_220_224,Código Finalidade TED,Código finalidade da TED,220,224,0,num,,l10n_br_cnab_structure.cnab_sicredi_240_pagamentos_segmento_a,*P011,,ted_finality_code,,company_title_identification,""
cnab_sicredi_240_pagamentos_segmento_a_225_226,Código Finalidade Complementar,Complemento de finalidade pagto.,225,226,0,alpha,,l10n_br_cnab_structure.cnab_sicredi_240_pagamentos_segmento_a,P013,,communication,,ted_purpose,""
cnab_sicredi_240_pagamentos_segmento_a_227_229,CNAB,Uso Exclusivo FEBRABAN/CNAB,227,229,0,alpha,,l10n_br_cnab_structure.cnab_sicredi_240_pagamentos_segmento_a,G004,,,,,""
cnab_sicredi_240_pagamentos_segmento_a_230_230,Aviso,Aviso ao Favorecido,230,230,0,num,0,l10n_br_cnab_structure.cnab_sicredi_240_pagamentos_segmento_a,*P006,,,,partner_notification,""
cnab_sicredi_240_pagamentos_segmento_a_231_240,Ocorrências,Códigos das Ocorrências p/ Retorno,231,240,0,alpha,0,l10n_br_cnab_structure.cnab_sicredi_240_pagamentos_segmento_a,*G059,,,,,""
cnab_sicredi_240_pagamentos_segmento_b_1_3,Banco,Código do Banco na Compensação,1,3,0,num,748,l10n_br_cnab_structure.cnab_sicredi_240_pagamentos_segmento_b,G001,,,,,""
cnab_sicredi_240_pagamentos_segmento_b_4_7,Lote,Lote de Serviço,4,7,0,num,,l10n_br_cnab_structure.cnab_sicredi_240_pagamentos_segmento_b,*G002,seq_batch,,,,""
cnab_sicredi_240_pagamentos_segmento_b_8_8,Registro,Tipo do Registro,8,8,0,num,3,l10n_br_cnab_structure.cnab_sicredi_240_pagamentos_segmento_b,*G003,,,,,""
cnab_sicredi_240_pagamentos_segmento_b_9_13,Nº do Registro,Nº Sequencial do Registro no Lote,9,13,0,num,,l10n_br_cnab_structure.cnab_sicredi_240_pagamentos_segmento_b,*G038,seq_record_detail,,,,""
cnab_sicredi_240_pagamentos_segmento_b_14_14,Segmento,Código de Segmento do Reg. Detalhe,14,14,0,alpha,B,l10n_br_cnab_structure.cnab_sicredi_240_pagamentos_segmento_b,*G039,segment_code,,,,""
cnab_sicredi_240_pagamentos_segmento_b_15_17,Identificação do favorecido,Forma de Iniciação,15,17,0,alpha,,l10n_br_cnab_structure.cnab_sicredi_240_pagamentos_segmento_b,*G100,,,,,""
cnab_sicredi_240_pagamentos_segmento_b_18_18,Tipo,Tipo de Inscrição do Favorecido,18,18,0,num,,l10n_br_cnab_structure.cnab_sicredi_240_pagamentos_segmento_b,*G005,"""2"" if content else ""1""",partner_id.is_company,,,""
cnab_sicredi_240_pagamentos_segmento_b_19_32,Número,Nº de Inscrição do Favorecido,19,32,0,num,,l10n_br_cnab_structure.cnab_sicredi_240_pagamentos_segmento_b,*G006,,partner_id.cnpj_cpf,,,""
cnab_sicredi_240_pagamentos_segmento_b_33_67,Informação 10,Informação 10,33,67,0,alpha,,l10n_br_cnab_structure.cnab_sicredi_240_pagamentos_segmento_b,*G101,,partner_id.street_name,,,""
cnab_sicredi_240_pagamentos_segmento_b_68_127,Informação 11,Informação 11,68,127,0,alpha,,l10n_br_cnab_structure.cnab_sicredi_240_pagamentos_segmento_b,*G101,,partner_id.street_number,,,""
cnab_sicredi_240_pagamentos_segmento_b_128_226,Informação 12,Informação 12,128,226,0,alpha,,l10n_br_cnab_structure.cnab_sicredi_240_pagamentos_segmento_b,*G101,,partner_id.street2,,,""
cnab_sicredi_240_pagamentos_segmento_b_227_232,Código UG Centralizadora,Uso Exclusivo para o SIAPE,227,232,0,num,,l10n_br_cnab_structure.cnab_sicredi_240_pagamentos_segmento_b,P012,,,,,""
cnab_sicredi_240_pagamentos_segmento_b_233_240,CNAB,Uso Exclusivo FEBRABAN / CNAB,233,240,0,alpha,,l10n_br_cnab_structure.cnab_sicredi_240_pagamentos_segmento_b,G0046,,,,,""
cnab_sicredi_240_pagamentos_trailer_1_3,Banco,Código do Banco na Compensação,1,3,0,num,748,l10n_br_cnab_structure.cnab_sicredi_240_pagamentos_trailer,G001,,company_partner_bank_id.bank_id.code_bc,,,""
cnab_sicredi_240_pagamentos_trailer_4_7,Lote,Lote de Serviço,4,7,0,num,,l10n_br_cnab_structure.cnab_sicredi_240_pagamentos_trailer,*G002,seq_batch,,,,""
cnab_sicredi_240_pagamentos_trailer_8_8,Registro,Tipo de Registro,8,8,0,num,5,l10n_br_cnab_structure.cnab_sicredi_240_pagamentos_trailer,*G003,,,,,""
cnab_sicredi_240_pagamentos_trailer_9_17,CNAB,Uso Exclusivo FEBRABAN/CNAB,9,17,0,alpha,,l10n_br_cnab_structure.cnab_sicredi_240_pagamentos_trailer,G004,,,,,""
cnab_sicredi_240_pagamentos_trailer_18_23,Qtde de Registros,Quantidade de Registros do Lote,18,23,0,num,,l10n_br_cnab_structure.cnab_sicredi_240_pagamentos_trailer,*G057,qty_records,,,,""
cnab_sicredi_240_pagamentos_trailer_24_41,Valor,Somatória dos Valores,24,41,0,num,,l10n_br_cnab_structure.cnab_sicredi_240_pagamentos_trailer,P007,"sum(  int(line.sorted_values()[""120_134_valor_do_pagto""]) for line in filter(    lambda l: l.sorted_values().get(""15_17_tipo_de_movimento"", """") in (""000"",""001"",""002"",""003""), batch_detail_lines  ))",,,,""
cnab_sicredi_240_pagamentos_trailer_42_59,Qtde de Moeda,Somatória de Quantidade de Moedas,42,59,0,num,,l10n_br_cnab_structure.cnab_sicredi_240_pagamentos_trailer,G058,,,,,""
cnab_sicredi_240_pagamentos_trailer_60_65,Número Aviso Débito,Número Aviso de Débito,60,65,0,num,,l10n_br_cnab_structure.cnab_sicredi_240_pagamentos_trailer,G066,,,,,""
cnab_sicredi_240_pagamentos_trailer_66_230,CNAB,Uso Exclusivo FEBRABAN/CNAB,66,230,0,alpha,,l10n_br_cnab_structure.cnab_sicredi_240_pagamentos_trailer,G004,,,,,""
cnab_sicredi_240_pagamentos_trailer_231_240,Ocorrências,Códigos das Ocorrências para Retorno,231,240,0,alpha,0,l10n_br_cnab_structure.cnab_sicredi_240_pagamentos_trailer,*G059,,,,,""
cnab_sicredi_240_boleto_header_1_3,Banco,Código do Banco na Compensação,1,3,0,num,748,l10n_br_cnab_structure.cnab_sicredi_240_boleto_header,G001,,company_partner_bank_id.bank_id.code_bc,,,""
cnab_sicredi_240_boleto_header_4_7,Lote,Lote de Serviço,4,7,0,num,,l10n_br_cnab_structure.cnab_sicredi_240_boleto_header,*G002,seq_batch,,,,""
cnab_sicredi_240_boleto_header_8_8,Registro,Tipo de Registro,8,8,0,num,1,l10n_br_cnab_structure.cnab_sicredi_240_boleto_header,*G003,,,,,""
cnab_sicredi_240_boleto_header_9_9,Operação,Tipo da Operação,9,9,0,alpha,C,l10n_br_cnab_structure.cnab_sicredi_240_boleto_header,*G028,,,,,""
cnab_sicredi_240_boleto_header_10_11,Serviço,Tipo do Serviço,10,11,0,num,,l10n_br_cnab_structure.cnab_sicredi_240_boleto_header,*G025,payment_type_code,,,,""
cnab_sicredi_240_boleto_header_12_13,Forma Lançamento,Forma de Lançamento,12,13,0,num,,l10n_br_cnab_structure.cnab_sicredi_240_boleto_header,G029,payment_way_code,,,,""
cnab_sicredi_240_boleto_header_14_16,Layout do Lote,Nº da Versão do Layout do Lote,14,16,0,num,40,l10n_br_cnab_structure.cnab_sicredi_240_boleto_header,*G030,,,,,""
cnab_sicredi_240_boleto_header_17_17,CNAB,Uso Exclusivo da FEBRABAN/CNAB,17,17,0,alpha,,l10n_br_cnab_structure.cnab_sicredi_240_boleto_header,G004,,,,,""
cnab_sicredi_240_boleto_header_18_18,Tipo,Tipo de Inscrição da Empresa,18,18,0,num,2,l10n_br_cnab_structure.cnab_sicredi_240_boleto_header,*G005,,,,,""
cnab_sicredi_240_boleto_header_19_32,Número,Número de Inscrição da Empresa,19,32,0,num,,l10n_br_cnab_structure.cnab_sicredi_240_boleto_header,*G006,,company_id.cnpj_cpf,,,""
cnab_sicredi_240_boleto_header_33_52,Convênio,Código do Convênio no Banco,33,52,0,alpha,,l10n_br_cnab_structure.cnab_sicredi_240_boleto_header,*G007,,,,,""
cnab_sicredi_240_boleto_header_53_57,Código,Agência Mantenedora da Conta,53,57,0,num,,l10n_br_cnab_structure.cnab_sicredi_240_boleto_header,*G008,,company_partner_bank_id.bra_number,,,""
cnab_sicredi_240_boleto_header_58_58,DV,Dígito Verificador da Agência,58,58,0,alpha,,l10n_br_cnab_structure.cnab_sicredi_240_boleto_header,*G009,,company_partner_bank_id.bra_number_dig,,,""
cnab_sicredi_240_boleto_header_59_70,Número,Número da Conta Corrente,59,70,0,num,,l10n_br_cnab_structure.cnab_sicredi_240_boleto_header,*G010,,company_partner_bank_id.acc_number,,,""
cnab_sicredi_240_boleto_header_71_71,DV,Dígito Verificador da Conta,71,71,0,num,,l10n_br_cnab_structure.cnab_sicredi_240_boleto_header,*G011,,company_partner_bank_id.acc_number_dig,,,""
cnab_sicredi_240_boleto_header_72_72,DV,Dígito Verificador da Ag/Conta,72,72,0,alpha,,l10n_br_cnab_structure.cnab_sicredi_240_boleto_header,*G012,,,,,""
cnab_sicredi_240_boleto_header_73_102,Nome,Nome da Empresa,73,102,0,alpha,,l10n_br_cnab_structure.cnab_sicredi_240_boleto_header,G013,,company_id.legal_name,,,""
cnab_sicredi_240_boleto_header_103_142,Informação 1,Mensagem,103,142,0,alpha,,l10n_br_cnab_structure.cnab_sicredi_240_boleto_header,*G031,,,,,""
cnab_sicredi_240_boleto_header_143_172,Logradouro,"Nome da Rua, Av, Pça, Etc",143,172,0,alpha,,l10n_br_cnab_structure.cnab_sicredi_240_boleto_header,G032,,company_id.street_name,,,""
cnab_sicredi_240_boleto_header_173_177,Número,Número do Local,173,177,0,num,,l10n_br_cnab_structure.cnab_sicredi_240_boleto_header,G032,,company_id.street_number,,,""
cnab_sicredi_240_boleto_header_178_192,Complemento,"Casa, Apto, Sala, Etc",178,192,0,alpha,,l10n_br_cnab_structure.cnab_sicredi_240_boleto_header,G032,,company_id.street2,,,""
cnab_sicredi_240_boleto_header_193_212,Cidade,Cidade,193,212,0,alpha,,l10n_br_cnab_structure.cnab_sicredi_240_boleto_header,G033,,company_id.city_id.name,,,""
cnab_sicredi_240_boleto_header_213_217,CEP,CEP,213,217,0,num,,l10n_br_cnab_structure.cnab_sicredi_240_boleto_header,G034,,company_id.zip,,,""
cnab_sicredi_240_boleto_header_218_220,Complemento CEP,Complemento do CEP,218,220,0,alpha,,l10n_br_cnab_structure.cnab_sicredi_240_boleto_header,G035,,,,,""
cnab_sicredi_240_boleto_header_221_222,Estado,Sigla do Estado,221,222,0,alpha,,l10n_br_cnab_structure.cnab_sicredi_240_boleto_header,G036,,company_id.state_id.code,,,""
cnab_sicredi_240_boleto_header_223_230,CNAB,Uso Exclusivo da FEBRABAN/CNAB,223,230,0,alpha,,l10n_br_cnab_structure.cnab_sicredi_240_boleto_header,G004,,,,,""
cnab_sicredi_240_boleto_header_231_240,Ocorrências,Código das Ocorrências p/ Retorno,231,240,0,alpha,0,l10n_br_cnab_structure.cnab_sicredi_240_boleto_header,*G059,,,,,""
cnab_sicredi_240_boleto_segmento_j_1_3,Banco,Código do Banco da Compensação,1,3,0,num,748,l10n_br_cnab_structure.cnab_sicredi_240_boleto_segmento_j,G001,,,,,""
cnab_sicredi_240_boleto_segmento_j_4_7,Lote,Lote de Serviço,4,7,0,num,,l10n_br_cnab_structure.cnab_sicredi_240_boleto_segmento_j,*G002,seq_batch,,,,""
cnab_sicredi_240_boleto_segmento_j_8_8,Registro,Tipo de Registro,8,8,0,num,3,l10n_br_cnab_structure.cnab_sicredi_240_boleto_segmento_j,*G003,,,,,""
cnab_sicredi_240_boleto_segmento_j_9_13,Nº do Registro,Nº Sequencial do Registro no Lote,9,13,0,num,,l10n_br_cnab_structure.cnab_sicredi_240_boleto_segmento_j,*G038,seq_record_detail,,,,""
cnab_sicredi_240_boleto_segmento_j_14_14,Segmento,Código de Segmento do Reg. Detalhe,14,14,0,alpha,J,l10n_br_cnab_structure.cnab_sicredi_240_boleto_segmento_j,*G039,,,,,""
cnab_sicredi_240_boleto_segmento_j_15_15,Tipo,Tipo de Movimento,15,15,0,num,0,l10n_br_cnab_structure.cnab_sicredi_240_boleto_segmento_j,*G060,,,,,""
cnab_sicredi_240_boleto_segmento_j_16_17,Código,Código da Instrução p/ Movimento,16,17,0,num,0,l10n_br_cnab_structure.cnab_sicredi_240_boleto_segmento_j,G061,,,,,""
cnab_sicredi_240_boleto_segmento_j_18_61,Código Barras,Código de Barras,18,61,0,num,,l10n_br_cnab_structure.cnab_sicredi_240_boleto_segmento_j,G063,content[17:61],,,,""
cnab_sicredi_240_boleto_segmento_j_62_91,Nome do Cedente,Nome do Cedente,62,91,0,alpha,,l10n_br_cnab_structure.cnab_sicredi_240_boleto_segmento_j,G013,,partner_id.legal_name,,,""
cnab_sicredi_240_boleto_segmento_j_92_99,Data Vencimento,Data do Vencimento (Nominal),92,99,0,num,,l10n_br_cnab_structure.cnab_sicredi_240_boleto_segmento_j,G044,"time.strftime(""%d%m%Y"")",ml_maturity_date,,,""
cnab_sicredi_240_boleto_segmento_j_100_114,Valor do Título,Valor do Título (Nominal),100,114,0,num,,l10n_br_cnab_structure.cnab_sicredi_240_boleto_segmento_j,G042,,amount_currency,,,""
cnab_sicredi_240_boleto_segmento_j_115_129,Desconto,Valor do Desconto + Abatimento,115,129,0,num,,l10n_br_cnab_structure.cnab_sicredi_240_boleto_segmento_j,L002,,discount_value,,,""
cnab_sicredi_240_boleto_segmento_j_130_144,Acréscimos,Valor da Mora + Multa,130,144,0,num,,l10n_br_cnab_structure.cnab_sicredi_240_boleto_segmento_j,L003,,,,,""
cnab_sicredi_240_boleto_segmento_j_145_152,Data Pagamento,Data do Pagamento,145,152,0,num,,l10n_br_cnab_structure.cnab_sicredi_240_boleto_segmento_j,P009,"time.strftime(""%d%m%Y"")",date,,,""
cnab_sicredi_240_boleto_segmento_j_153_167,Valor Pagamento,Valor do Pagamento,153,167,0,num,,l10n_br_cnab_structure.cnab_sicredi_240_boleto_segmento_j,P010,,amount_currency,,,""
cnab_sicredi_240_boleto_segmento_j_168_182,Quantidade da Moeda,Quantidade da Moeda,168,182,0,num,,l10n_br_cnab_structure.cnab_sicredi_240_boleto_segmento_j,G041,,,,,""
cnab_sicredi_240_boleto_segmento_j_183_202,Referência Sacado,Nº do Docto Atribuído pela Empresa,183,202,0,alpha,,l10n_br_cnab_structure.cnab_sicredi_240_boleto_segmento_j,G064,,,,,""
cnab_sicredi_240_boleto_segmento_j_203_222,Nosso Número,Nº do Docto Atribuído pelo Banco,203,222,0,alpha,,l10n_br_cnab_structure.cnab_sicredi_240_boleto_segmento_j,*G043,,,,,""
cnab_sicredi_240_boleto_segmento_j_223_224,Código de Moeda,Código de Moeda,223,224,0,num,9,l10n_br_cnab_structure.cnab_sicredi_240_boleto_segmento_j,*G065,,,,,""
cnab_sicredi_240_boleto_segmento_j_225_230,CNAB,Uso Exclusivo FEBRABAN/CNAB,225,230,0,alpha,,l10n_br_cnab_structure.cnab_sicredi_240_boleto_segmento_j,G004,,,,,""
cnab_sicredi_240_boleto_segmento_j_231_240,Ocorrências,Códigos das Ocorrências p/ Retorno,231,240,0,alpha,,l10n_br_cnab_structure.cnab_sicredi_240_boleto_segmento_j,*G059,,,,,""
cnab_sicredi_240_boleto_segmento_j52_1_3,Banco,Código do Banco na Compensação,1,3,0,num,748,l10n_br_cnab_structure.cnab_sicredi_240_boleto_segmento_j52,G001,,,,,""
cnab_sicredi_240_boleto_segmento_j52_4_7,Lote,Lote de Serviço,4,7,0,num,,l10n_br_cnab_structure.cnab_sicredi_240_boleto_segmento_j52,*G002,seq_batch,,,,""
cnab_sicredi_240_boleto_segmento_j52_8_8,Registro,Tipo de Registro,8,8,0,num,3,l10n_br_cnab_structure.cnab_sicredi_240_boleto_segmento_j52,*G003,,,,,""
cnab_sicredi_240_boleto_segmento_j52_9_13,Nº do Registro,Nº Sequencial do Registro no Lote,9,13,0,num,,l10n_br_cnab_structure.cnab_sicredi_240_boleto_segmento_j52,*G038,seq_record_detail,,,,""
cnab_sicredi_240_boleto_segmento_j52_14_14,Segmento,Cód. Segmento do Registro Detalhe,14,14,0,alpha,J,l10n_br_cnab_structure.cnab_sicredi_240_boleto_segmento_j52,*G039,,,,,""
cnab_sicredi_240_boleto_segmento_j52_15_15,CNAB,Uso Exclusivo CNAB FEBRABAN/CNAB,15,15,0,alpha,,l10n_br_cnab_structure.cnab_sicredi_240_boleto_segmento_j52,G004,,,,,""
cnab_sicredi_240_boleto_segmento_j52_16_17,Cód. Mov.,Código de Movimento Remessa,16,17,0,num,,l10n_br_cnab_structure.cnab_sicredi_240_boleto_segmento_j52,*C004,,,,,""
cnab_sicredi_240_boleto_segmento_j52_18_19,Código Reg. Opcional,Identificação Registro,18,19,0,num,52,l10n_br_cnab_structure.cnab_sicredi_240_boleto_segmento_j52,G067,,,,,""
cnab_sicredi_240_boleto_segmento_j52_20_20,Tipo,Tipo de Inscrição,20,20,0,num,,l10n_br_cnab_structure.cnab_sicredi_240_boleto_segmento_j52,*G005,,,,,""
cnab_sicredi_240_boleto_segmento_j52_21_35,Número,Número de Inscrição,21,35,0,num,,l10n_br_cnab_structure.cnab_sicredi_240_boleto_segmento_j52,*G006,,company_id.cnpj_cpf,,,""
cnab_sicredi_240_boleto_segmento_j52_36_75,Nome,Nome,36,75,0,alpha,,l10n_br_cnab_structure.cnab_sicredi_240_boleto_segmento_j52,G013,,company_id.legal_name,,,""
cnab_sicredi_240_boleto_segmento_j52_76_76,Tipo,Tipo de Inscrição,76,76,0,num,,l10n_br_cnab_structure.cnab_sicredi_240_boleto_segmento_j52,*G005,2 if content else 1,partner_id.is_company,,,""
cnab_sicredi_240_boleto_segmento_j52_77_91,Número,Número de Inscrição,77,91,0,num,,l10n_br_cnab_structure.cnab_sicredi_240_boleto_segmento_j52,*G006,,partner_id.cnpj_cpf,,,""
cnab_sicredi_240_boleto_segmento_j52_92_131,Nome,Nome,92,131,0,alpha,,l10n_br_cnab_structure.cnab_sicredi_240_boleto_segmento_j52,G013,,partner_id.legal_name,,,""
cnab_sicredi_240_boleto_segmento_j52_132_132,Tipo,Tipo de Inscrição,132,132,0,num,,l10n_br_cnab_structure.cnab_sicredi_240_boleto_segmento_j52,*G005,,,,,""
cnab_sicredi_240_boleto_segmento_j52_133_147,Número,Número de Inscrição,133,147,0,num,,l10n_br_cnab_structure.cnab_sicredi_240_boleto_segmento_j52,*G006,,,,,""
cnab_sicredi_240_boleto_segmento_j52_148_187,Nome,Nome,148,187,0,alpha,,l10n_br_cnab_structure.cnab_sicredi_240_boleto_segmento_j52,G013,,,,,""
cnab_sicredi_240_boleto_segmento_j52_188_240,CNAB,Uso Exclusivo FEBRABAN/CNAB,188,240,0,alpha,,l10n_br_cnab_structure.cnab_sicredi_240_boleto_segmento_j52,G004,,,,,""
cnab_sicredi_240_boleto_segmento_j52pix_1_3,Banco,Código do Banco na Compensação,1,3,0,num,748,l10n_br_cnab_structure.cnab_sicredi_240_boleto_segmento_j52pix,G001,,,,,""
cnab_sicredi_240_boleto_segmento_j52pix_4_7,Lote,Lote de Serviço,4,7,0,num,,l10n_br_cnab_structure.cnab_sicredi_240_boleto_segmento_j52pix,*G002,,,,,""
cnab_sicredi_240_boleto_segmento_j52pix_8_8,Registro,Tipo de Registro,8,8,0,num,3,l10n_br_cnab_structure.cnab_sicredi_240_boleto_segmento_j52pix,*G003,,,,,""
cnab_sicredi_240_boleto_segmento_j52pix_9_13,Nº do Registro,Nº Sequencial do Registro no Lote,9,13,0,num,,l10n_br_cnab_structure.cnab_sicredi_240_boleto_segmento_j52pix,*G038,,,,,""
cnab_sicredi_240_boleto_segmento_j52pix_14_14,Segmento,Cód. Segmento do Registro Detalhe,14,14,0,alpha,J,l10n_br_cnab_structure.cnab_sicredi_240_boleto_segmento_j52pix,*G039,,,,,""
cnab_sicredi_240_boleto_segmento_j52pix_15_15,CNAB,Uso Exclusivo CNAB FEBRABAN/CNAB,15,15,0,alpha,,l10n_br_cnab_structure.cnab_sicredi_240_boleto_segmento_j52pix,G004,,,,,""
cnab_sicredi_240_boleto_segmento_j52pix_16_17,Cód. Mov.,Código de Movimento Remessa,16,17,0,num,,l10n_br_cnab_structure.cnab_sicredi_240_boleto_segmento_j52pix,*C004,,,,,""
cnab_sicredi_240_boleto_segmento_j52pix_18_19,Código Reg. Opcional,Identificação Registro,18,19,0,num,52,l10n_br_cnab_structure.cnab_sicredi_240_boleto_segmento_j52pix,G067,,,,,""
cnab_sicredi_240_boleto_segmento_j52pix_20_20,Tipo,Tipo de Inscrição,20,20,0,num,,l10n_br_cnab_structure.cnab_sicredi_240_boleto_segmento_j52pix,*G005,,,,,""
cnab_sicredi_240_boleto_segmento_j52pix_21_35,Número,Número de Inscrição,21,35,0,num,,l10n_br_cnab_structure.cnab_sicredi_240_boleto_segmento_j52pix,*G006,,company_id.cnpj_cpf,,,""
cnab_sicredi_240_boleto_segmento_j52pix_36_75,Nome,Nome,36,75,0,alpha,,l10n_br_cnab_structure.cnab_sicredi_240_boleto_segmento_j52pix,G013,,company_id.legal_name,,,""
cnab_sicredi_240_boleto_segmento_j52pix_76_76,Tipo,Tipo de Inscrição,76,76,0,num,,l10n_br_cnab_structure.cnab_sicredi_240_boleto_segmento_j52pix,*G005,,,,,""
cnab_sicredi_240_boleto_segmento_j52pix_77_91,Número,Número de Inscrição,77,91,0,num,,l10n_br_cnab_structure.cnab_sicredi_240_boleto_segmento_j52pix,*G006,,,,,""
cnab_sicredi_240_boleto_segmento_j52pix_92_131,Nome,Nome,92,131,0,alpha,,l10n_br_cnab_structure.cnab_sicredi_240_boleto_segmento_j52pix,G013,,partner_id.legal_name,,,""
cnab_sicredi_240_boleto_segmento_j52pix_132_210,Chave de Endereçamento,URL/Chave de Endereçamento,132,210,0,alpha,,l10n_br_cnab_structure.cnab_sicredi_240_boleto_segmento_j52pix,G102,,,,,""
cnab_sicredi_240_boleto_segmento_j52pix_211_240,TXID,Código de Identificação do QR Code,211,240,0,alpha,,l10n_br_cnab_structure.cnab_sicredi_240_boleto_segmento_j52pix,G102,,,,,""
cnab_sicredi_240_boleto_trailer_1_3,Banco,Código do Banco na Compensação,1,3,0,num,748,l10n_br_cnab_structure.cnab_sicredi_240_boleto_trailer,G001,,company_partner_bank_id.bank_id.code_bc,,,""
cnab_sicredi_240_boleto_trailer_4_7,Lote,Lote de Serviço,4,7,0,num,,l10n_br_cnab_structure.cnab_sicredi_240_boleto_trailer,*G002,seq_batch,,,,""
cnab_sicredi_240_boleto_trailer_8_8,Registro,Tipo de Registro,8,8,0,num,5,l10n_br_cnab_structure.cnab_sicredi_240_boleto_trailer,*G003,,,,,""
cnab_sicredi_240_boleto_trailer_9_17,CNAB,Uso Exclusivo FEBRABAN/CNAB,9,17,0,alpha,,l10n_br_cnab_structure.cnab_sicredi_240_boleto_trailer,G004,,,,,""
cnab_sicredi_240_boleto_trailer_18_23,Qtde de Registros,Quantidade de Registros do Lote,18,23,0,num,,l10n_br_cnab_structure.cnab_sicredi_240_boleto_trailer,*G057,qty_records,,,,""
cnab_sicredi_240_boleto_trailer_24_41,Valor,Somatória dos Valores,24,41,0,num,,l10n_br_cnab_structure.cnab_sicredi_240_boleto_trailer,L001,"sum(  int(line.sorted_values().get(""153_167_valor_pagamento"",0)) for line in filter(    lambda l: l.sorted_values().get(""15_17_tipo_de_movimento"", "") in (""000"",""001"",""002"",""003"") and l.sorted_values().get(""18_19_codigo_do_registro"", False) != 52, batch_detail_lines  ))",,,,""
cnab_sicredi_240_boleto_trailer_42_59,Qtde. Moeda,Somatória de Quantidade de Moedas,42,59,0,num,,l10n_br_cnab_structure.cnab_sicredi_240_boleto_trailer,G058,,,,,""
cnab_sicredi_240_boleto_trailer_60_65,Número Aviso Débito,Número Aviso Débito,60,65,0,num,,l10n_br_cnab_structure.cnab_sicredi_240_boleto_trailer,G066,,,,,""
cnab_sicredi_240_boleto_trailer_66_230,CNAB,Uso Exclusivo FEBRABAN/CNAB,66,230,0,alpha,,l10n_br_cnab_structure.cnab_sicredi_240_boleto_trailer,G004,,,,,""
cnab_sicredi_240_boleto_trailer_231_240,Ocorrências,Códigos das Ocorrências para Retorno,231,240,0,alpha,,l10n_br_cnab_structure.cnab_sicredi_240_boleto_trailer,*G059,,,,,""
cnab_sicredi_240_conc_tributo_bc_header_1_3,Banco,Código do Banco na Compensação,1,3,0,num,748,l10n_br_cnab_structure.cnab_sicredi_240_conc_tributo_bc_header,G001,,company_partner_bank_id.bank_id.code_bc,,,""
cnab_sicredi_240_conc_tributo_bc_header_4_7,Lote,Lote de Serviço,4,7,0,num,,l10n_br_cnab_structure.cnab_sicredi_240_conc_tributo_bc_header,*G002,seq_batch,,,,""
cnab_sicredi_240_conc_tributo_bc_header_8_8,Registro,Tipo de Registro,8,8,0,num,1,l10n_br_cnab_structure.cnab_sicredi_240_conc_tributo_bc_header,*G003,,,,,""
cnab_sicredi_240_conc_tributo_bc_header_9_9,Operação,Tipo da Operação,9,9,0,alpha,C,l10n_br_cnab_structure.cnab_sicredi_240_conc_tributo_bc_header,*G028,,,,,""
cnab_sicredi_240_conc_tributo_bc_header_10_11,Serviço,Tipo do Serviço,10,11,0,num,,l10n_br_cnab_structure.cnab_sicredi_240_conc_tributo_bc_header,*G025,payment_type_code,,,,""
cnab_sicredi_240_conc_tributo_bc_header_12_13,Forma Lançamento,Forma de Lançamento,12,13,0,num,,l10n_br_cnab_structure.cnab_sicredi_240_conc_tributo_bc_header,G029,payment_way_code,,,,""
cnab_sicredi_240_conc_tributo_bc_header_14_16,Layout do Lote,Nº da Versão do Layout do Lote,14,16,0,num,12,l10n_br_cnab_structure.cnab_sicredi_240_conc_tributo_bc_header,*G030,,,,,""
cnab_sicredi_240_conc_tributo_bc_header_17_17,CNAB,Uso Exclusivo FEBRABAN/CNAB,17,17,0,alpha,,l10n_br_cnab_structure.cnab_sicredi_240_conc_tributo_bc_header,G004,,,,,""
cnab_sicredi_240_conc_tributo_bc_header_18_18,Tipo,Tipo de Inscrição da Empresa,18,18,0,num,,l10n_br_cnab_structure.cnab_sicredi_240_conc_tributo_bc_header,*G005,,,,,""
cnab_sicredi_240_conc_tributo_bc_header_19_32,Número,Número de Inscrição da Empresa,19,32,0,num,,l10n_br_cnab_structure.cnab_sicredi_240_conc_tributo_bc_header,*G006,,company_id.cnpj_cpf,,,""
cnab_sicredi_240_conc_tributo_bc_header_33_52,Convênio,Código do Convênio no Banco,33,52,0,alpha,,l10n_br_cnab_structure.cnab_sicredi_240_conc_tributo_bc_header,*G007,,,,,""
cnab_sicredi_240_conc_tributo_bc_header_53_57,Código,Agência Convênio,53,57,0,num,,l10n_br_cnab_structure.cnab_sicredi_240_conc_tributo_bc_header,*G008,,company_partner_bank_id.bra_number,,,""
cnab_sicredi_240_conc_tributo_bc_header_58_58,DV,Dígito Verificador da Agência Convênio,58,58,0,alpha,,l10n_br_cnab_structure.cnab_sicredi_240_conc_tributo_bc_header,*G009,,company_partner_bank_id.bra_number_dig,,,""
cnab_sicredi_240_conc_tributo_bc_header_59_70,Número,Número da Conta Corrente Convênio,59,70,0,num,,l10n_br_cnab_structure.cnab_sicredi_240_conc_tributo_bc_header,*G010,,company_partner_bank_id.acc_number,,,""
cnab_sicredi_240_conc_tributo_bc_header_71_71,DV,Dígito Verificador da Conta Convênio,71,71,0,num,,l10n_br_cnab_structure.cnab_sicredi_240_conc_tributo_bc_header,*G011,,company_partner_bank_id.acc_number_dig,,,""
cnab_sicredi_240_conc_tributo_bc_header_72_72,DV,Dígito Verificador da Ag/Conta Convênio,72,72,0,alpha,0,l10n_br_cnab_structure.cnab_sicredi_240_conc_tributo_bc_header,*G012,,company_partner_bank_id.acc_number_dig,,,""
cnab_sicredi_240_conc_tributo_bc_header_73_102,Nome,Nome da Empresa,73,102,0,alpha,,l10n_br_cnab_structure.cnab_sicredi_240_conc_tributo_bc_header,G013,,company_id.legal_name,,,""
cnab_sicredi_240_conc_tributo_bc_header_103_142,Informação 1,Mensagem,103,142,0,alpha,,l10n_br_cnab_structure.cnab_sicredi_240_conc_tributo_bc_header,*G031,,,,,""
cnab_sicredi_240_conc_tributo_bc_header_143_172,Logradouro,"Nome da Rua, Av, Pça, Etc",143,172,0,alpha,,l10n_br_cnab_structure.cnab_sicredi_240_conc_tributo_bc_header,G032,,company_id.street_name,,,""
cnab_sicredi_240_conc_tributo_bc_header_173_177,Número,Número do Local,173,177,0,num,,l10n_br_cnab_structure.cnab_sicredi_240_conc_tributo_bc_header,G032,,company_id.street_number,,,""
cnab_sicredi_240_conc_tributo_bc_header_178_192,Complemento,"Casa, Apto, Sala, Etc",178,192,0,alpha,,l10n_br_cnab_structure.cnab_sicredi_240_conc_tributo_bc_header,G032,,company_id.street2,,,""
cnab_sicredi_240_conc_tributo_bc_header_193_212,Cidade,Cidade,193,212,0,alpha,,l10n_br_cnab_structure.cnab_sicredi_240_conc_tributo_bc_header,G033,,company_id.city_id.name,,,""
cnab_sicredi_240_conc_tributo_bc_header_213_217,CEP,CEP,213,217,0,num,,l10n_br_cnab_structure.cnab_sicredi_240_conc_tributo_bc_header,G034,,company_id.zip,,,""
cnab_sicredi_240_conc_tributo_bc_header_218_220,Complemento CEP,Complemento do CEP,218,220,0,alpha,,l10n_br_cnab_structure.cnab_sicredi_240_conc_tributo_bc_header,G035,,,,,""
cnab_sicredi_240_conc_tributo_bc_header_221_222,Estado,Sigla do Estado,221,222,0,alpha,,l10n_br_cnab_structure.cnab_sicredi_240_conc_tributo_bc_header,G036,,company_id.state_id.code,,,""
cnab_sicredi_240_conc_tributo_bc_header_223_224,Indicativo de Forma de Pagamento,Indicativo de Forma de Pagamento do Compromisso,223,224,0,num,,l10n_br_cnab_structure.cnab_sicredi_240_conc_tributo_bc_header,P014,,,,,""
cnab_sicredi_240_conc_tributo_bc_header_225_230,CNAB,Uso Exclusivo da FEBRABAN/CNAB,225,230,0,alpha,,l10n_br_cnab_structure.cnab_sicredi_240_conc_tributo_bc_header,G004,,,,,""
cnab_sicredi_240_conc_tributo_bc_header_231_240,Ocorrências,Código das Ocorrências p/ Retorno,231,240,0,alpha,0,l10n_br_cnab_structure.cnab_sicredi_240_conc_tributo_bc_header,*G059,,,,,""
cnab_sicredi_240_conc_tributo_bc_segmento_o_1_3,Banco,Código no Banco da Compensação,1,3,0,num,748,l10n_br_cnab_structure.cnab_sicredi_240_conc_tributo_bc_segmento_o,G001,,,,,""
cnab_sicredi_240_conc_tributo_bc_segmento_o_4_7,Lote,Lote de Serviço,4,7,0,num,,l10n_br_cnab_structure.cnab_sicredi_240_conc_tributo_bc_segmento_o,G002,,,,,""
cnab_sicredi_240_conc_tributo_bc_segmento_o_8_8,Registro,Registro Detalhe do Lote,8,8,0,num,3,l10n_br_cnab_structure.cnab_sicredi_240_conc_tributo_bc_segmento_o,G003,,,,,""
cnab_sicredi_240_conc_tributo_bc_segmento_o_9_13,Nº do Registro,Nº Sequencial do Registro no Lote,9,13,0,num,,l10n_br_cnab_structure.cnab_sicredi_240_conc_tributo_bc_segmento_o,G038,,,,,""
cnab_sicredi_240_conc_tributo_bc_segmento_o_14_14,Segmento,Código de Segmento no Reg. Detalhe,14,14,0,alpha,O,l10n_br_cnab_structure.cnab_sicredi_240_conc_tributo_bc_segmento_o,G039,,,,,""
cnab_sicredi_240_conc_tributo_bc_segmento_o_15_15,Tipo,Tipo de Movimento,15,15,0,num,,l10n_br_cnab_structure.cnab_sicredi_240_conc_tributo_bc_segmento_o,G060,,,,,""
cnab_sicredi_240_conc_tributo_bc_segmento_o_16_17,Código,Código da Instrução de Movimento,16,17,0,num,,l10n_br_cnab_structure.cnab_sicredi_240_conc_tributo_bc_segmento_o,G061,,,,,""
cnab_sicredi_240_conc_tributo_bc_segmento_o_18_61,Código Barras,Código de Barras,18,61,0,alpha,,l10n_br_cnab_structure.cnab_sicredi_240_conc_tributo_bc_segmento_o,N001,,barcode,,,""
cnab_sicredi_240_conc_tributo_bc_segmento_o_62_91,Nome da Concessionária,Nome da Concessionária / Órgão Público,62,91,0,alpha,,l10n_br_cnab_structure.cnab_sicredi_240_conc_tributo_bc_segmento_o,G013,,cnab_beneficiary_name,,,""
cnab_sicredi_240_conc_tributo_bc_segmento_o_92_99,Data Vencimento,Data do Vencimento (Nominal),92,99,0,num,,l10n_br_cnab_structure.cnab_sicredi_240_conc_tributo_bc_segmento_o,G044,"time.strftime(""%d%m%Y"")",ml_maturity_date,,,""
cnab_sicredi_240_conc_tributo_bc_segmento_o_100_107,Data Pagamento,Data do Pagamento,100,107,0,num,,l10n_br_cnab_structure.cnab_sicredi_240_conc_tributo_bc_segmento_o,P009,,,,,""
cnab_sicredi_240_conc_tributo_bc_segmento_o_108_122,Valor Pagamento,Valor do Pagamento,108,122,0,num,,l10n_br_cnab_structure.cnab_sicredi_240_conc_tributo_bc_segmento_o,P004,,,,,""
cnab_sicredi_240_conc_tributo_bc_segmento_o_123_142,Seu número,Nº do Docto Atribuído pela Empresa,123,142,0,alpha,,l10n_br_cnab_structure.cnab_sicredi_240_conc_tributo_bc_segmento_o,G064,,,,,""
cnab_sicredi_240_conc_tributo_bc_segmento_o_143_162,Nosso Número,Nº do Docto Atribuído pelo Banco,143,162,0,alpha,,l10n_br_cnab_structure.cnab_sicredi_240_conc_tributo_bc_segmento_o,G043,,,,,""
cnab_sicredi_240_conc_tributo_bc_segmento_o_163_230,CNAB,Uso Exclusivo FEBRABAN/CNAB,163,230,0,alpha,,l10n_br_cnab_structure.cnab_sicredi_240_conc_tributo_bc_segmento_o,G004,,,,,""
cnab_sicredi_240_conc_tributo_bc_segmento_o_231_240,Ocorrências,Códigos das Ocorrências p/ Retorno,231,240,0,alpha,0,l10n_br_cnab_structure.cnab_sicredi_240_conc_tributo_bc_segmento_o,*G059,,,,,""
cnab_sicredi_240_conc_tributo_bc_trailer_1_3,Banco,Código do Banco na Compensação,1,3,0,num,748,l10n_br_cnab_structure.cnab_sicredi_240_conc_tributo_bc_trailer,G001,,,,,""
cnab_sicredi_240_conc_tributo_bc_trailer_4_7,Lote,Lote de Serviço,4,7,0,num,,l10n_br_cnab_structure.cnab_sicredi_240_conc_tributo_bc_trailer,*G002,,,,,""
cnab_sicredi_240_conc_tributo_bc_trailer_8_8,Registro,Tipo de Registro,8,8,0,num,5,l10n_br_cnab_structure.cnab_sicredi_240_conc_tributo_bc_trailer,*G003,,,,,""
cnab_sicredi_240_conc_tributo_bc_trailer_9_17,CNAB,Uso Exclusivo FEBRABAN/CNAB,9,17,0,alpha,,l10n_br_cnab_structure.cnab_sicredi_240_conc_tributo_bc_trailer,G004,,,,,""
cnab_sicredi_240_conc_tributo_bc_trailer_18_23,Qtde de Registros,Quantidade de Registros do Lote,18,23,0,num,,l10n_br_cnab_structure.cnab_sicredi_240_conc_tributo_bc_trailer,*G057,qty_records,,,,""
cnab_sicredi_240_conc_tributo_bc_trailer_24_41,Valor,Somatória dos Valores dos Pgtos,24,41,0,num,,l10n_br_cnab_structure.cnab_sicredi_240_conc_tributo_bc_trailer,B002,,,,,""
cnab_sicredi_240_conc_tributo_bc_trailer_42_230,Complemento de registro,Complemento de registro,42,230,0,alpha,,l10n_br_cnab_structure.cnab_sicredi_240_conc_tributo_bc_trailer,B003,,,,,""
cnab_sicredi_240_conc_tributo_bc_trailer_231_240,Ocorrências,Códigos das Ocorrências para Retorno,231,240,0,alpha,0,l10n_br_cnab_structure.cnab_sicredi_240_conc_tributo_bc_trailer,*G059,,,,,""
cnab_sicredi_240_tributo_sem_bc_header_1_240,CÓDIGO DO BANCO,CÓDIGO BANCO NA COMPENSAÇÃO,1,240,0,num,1,l10n_br_cnab_structure.cnab_sicredi_240_tributo_sem_bc_header,,,,,,""
cnab_sicredi_240_tributo_sem_bc_segmento_n_1_240,CÓDIGO DO BANCO,CÓDIGO BANCO NA COMPENSAÇÃO,1,240,0,num,1,l10n_br_cnab_structure.cnab_sicredi_240_tributo_sem_bc_segmento_n,,,,,,""
cnab_sicredi_240_tributo_sem_bc_segmento_b_1_240,CÓDIGO DO BANCO,CÓDIGO BANCO NA COMPENSAÇÃO,1,240,0,num,1,l10n_br_cnab_structure.cnab_sicredi_240_tributo_sem_bc_segmento_b,,,,,,""
cnab_sicredi_240_tributo_sem_bc_trailer_1_240,CÓDIGO DO BANCO,CÓDIGO BANCO NA COMPENSAÇÃO,1,240,0,num,1,l10n_br_cnab_structure.cnab_sicredi_240_tributo_sem_bc_trailer,,,,,,""
cnab_sicredi_240_trailer_1_3,Banco,Código do Banco na Compensação,1,3,0,num,748,l10n_br_cnab_structure.cnab_sicredi_240_trailer,G001,,,,,""
cnab_sicredi_240_trailer_4_7,Lote,Lote de Serviço,4,7,0,num,9999,l10n_br_cnab_structure.cnab_sicredi_240_trailer,*G002,,,,,""
cnab_sicredi_240_trailer_8_8,Registro,Tipo de Registro,8,8,0,num,9,l10n_br_cnab_structure.cnab_sicredi_240_trailer,*G003,,,,,""
cnab_sicredi_240_trailer_9_17,CNAB,Uso Exclusivo FEBRABAN/CNAB,9,17,0,alpha,,l10n_br_cnab_structure.cnab_sicredi_240_trailer,G004,,,,,""
cnab_sicredi_240_trailer_18_23,Qtde. de Lotes,Quantidade de Lotes do Arquivo,18,23,0,num,,l10n_br_cnab_structure.cnab_sicredi_240_trailer,G049,qty_batches,,,,""
cnab_sicredi_240_trailer_24_29,Qtde. Registros,Quantidade de Registros do Arquivo,24,29,0,num,,l10n_br_cnab_structure.cnab_sicredi_240_trailer,G056,qty_records,,,,""
cnab_sicredi_240_trailer_30_35,Qtde. Contas Concili.,Qtde de Ctas p/ Conc. (Lotes),30,35,0,num,,l10n_br_cnab_structure.cnab_sicredi_240_trailer,*G037,,,,,""
cnab_sicredi_240_trailer_36_240,CNAB,Uso Exclusivo FEBRABAN/CNAB,36,240,0,alpha,,l10n_br_cnab_structure.cnab_sicredi_240_trailer,G004,,,,,""
cnab_sicredi_240_cobranca_header_1_3,Banco,Código do Banco na Compensação,1,3,0,num,748,l10n_br_cnab_structure.cnab_sicredi_240_cobranca_header,G001,,company_partner_bank_id.bank_id.code_bc,,,""
cnab_sicredi_240_cobranca_header_4_7,Lote,Lote de Serviço,4,7,0,num,0,l10n_br_cnab_structure.cnab_sicredi_240_cobranca_header,*G002,,,,,""
cnab_sicredi_240_cobranca_header_8_8,Registro,Tipo de Registro,8,8,0,num,0,l10n_br_cnab_structure.cnab_sicredi_240_cobranca_header,*G003,,,,,""
cnab_sicredi_240_cobranca_header_9_17,CNAB,Uso Exclusivo FEBRABAN / CNAB,9,17,0,alpha,,l10n_br_cnab_structure.cnab_sicredi_240_cobranca_header,G004,,,,,""
cnab_sicredi_240_cobranca_header_18_18,Tipo,Tipo de Inscrição da Empresa,18,18,0,num,2,l10n_br_cnab_structure.cnab_sicredi_240_cobranca_header,*G005,,,,cnpj_cpf,""
cnab_sicredi_240_cobranca_header_19_32,Número,Número de Inscrição da Empresa,19,32,0,num,,l10n_br_cnab_structure.cnab_sicredi_240_cobranca_header,*G006,,company_id.cnpj_cpf,,cnpj_cpf,""
cnab_sicredi_240_cobranca_header_33_52,Convênio,Código do Convênio,33,52,0,alpha,,l10n_br_cnab_structure.cnab_sicredi_240_cobranca_header,*G007,,cnab_config_id.cnab_company_bank_code,,,""
cnab_sicredi_240_cobranca_header_53_57,Código,Agência Mantenedora da Conta,53,57,0,num,,l10n_br_cnab_structure.cnab_sicredi_240_cobranca_header,*G008,,company_partner_bank_id.bra_number,,,""
cnab_sicredi_240_cobranca_header_58_58,DV,Dígito Verificador da Agência,58,58,0,alpha,,l10n_br_cnab_structure.cnab_sicredi_240_cobranca_header,*G009,,company_partner_bank_id.bra_number_dig,,,""
cnab_sicredi_240_cobranca_header_59_70,Número,Número da Conta Corrente,59,70,0,num,,l10n_br_cnab_structure.cnab_sicredi_240_cobranca_header,*G010,,company_partner_bank_id.acc_number,,bank_acc_number,""
cnab_sicredi_240_cobranca_header_71_71,DV,Dígito Verificador da Conta,71,71,0,num,,l10n_br_cnab_structure.cnab_sicredi_240_cobranca_header,*G011,,company_partner_bank_id.acc_number_dig,,,""
cnab_sicredi_240_cobranca_header_72_72,DV,Dígito Verificador da Ag/Conta,72,72,0,alpha,,l10n_br_cnab_structure.cnab_sicredi_240_cobranca_header,*G012,,,,,""
cnab_sicredi_240_cobranca_header_73_102,Nome,Nome da Empresa,73,102,0,alpha,,l10n_br_cnab_structure.cnab_sicredi_240_cobranca_header,G013,,company_id.legal_name,,,""
cnab_sicredi_240_cobranca_header_103_132,Nome do Banco,Nome do Banco,103,132,0,alpha,,l10n_br_cnab_structure.cnab_sicredi_240_cobranca_header,G014,,company_partner_bank_id.bank_id.name,,,""
cnab_sicredi_240_cobranca_header_133_142,CNAB,Uso Exclusivo FEBRABAN / CNAB,133,142,0,alpha,,l10n_br_cnab_structure.cnab_sicredi_240_cobranca_header,G004,,,,,""
cnab_sicredi_240_cobranca_header_143_143,Código,Código Remessa / Retorno,143,143,0,num,,l10n_br_cnab_structure.cnab_sicredi_240_cobranca_header,G015,,,,,""
cnab_sicredi_240_cobranca_header_144_151,Data de Geração,Data de Geração do Arquivo,144,151,0,num,,l10n_br_cnab_structure.cnab_sicredi_240_cobranca_header,G016,"time.strftime(""%d%m%Y"")",,"datetime.strptime(content,""%d%m%Y"") if content and content.strip() and content != ""00000000"" else False",cnab_date_file,""
cnab_sicredi_240_cobranca_header_152_157,Hora de Geração,Hora de Geração do Arquivo,152,157,0,num,,l10n_br_cnab_structure.cnab_sicredi_240_cobranca_header,G017,"time.strftime(""%H%M%S"")",,,,""
cnab_sicredi_240_cobranca_header_158_163,Sequência (NSA),Número Sequencial do Arquivo,158,163,0,num,,l10n_br_cnab_structure.cnab_sicredi_240_cobranca_header,*G018,seq_batch,,,,""
cnab_sicredi_240_cobranca_header_164_166,Layout do Arquivo,Nº da Versão do Layout do Arquivo,164,166,0,num,87,l10n_br_cnab_structure.cnab_sicredi_240_cobranca_header,*G019,,,,,""
cnab_sicredi_240_cobranca_header_167_171,Densidade,Densidade de Gravação do Arquivo,167,171,0,num,0,l10n_br_cnab_structure.cnab_sicredi_240_cobranca_header,G020,,,,,""
cnab_sicredi_240_cobranca_header_172_191,Reservado Banco,Para Uso Reservado do Banco,172,191,0,alpha,,l10n_br_cnab_structure.cnab_sicredi_240_cobranca_header,G021,,,,,""
cnab_sicredi_240_cobranca_header_192_211,Reservado Empresa,Para Uso Reservado da Empresa,192,211,0,alpha,,l10n_br_cnab_structure.cnab_sicredi_240_cobranca_header,G022,,,,,""
cnab_sicredi_240_cobranca_header_212_240,CNAB,Uso Exclusivo FEBRABAN / CNAB,212,240,0,alpha,,l10n_br_cnab_structure.cnab_sicredi_240_cobranca_header,G004,,,,,""
cnab_sicredi_240_cobranca_batch_header_1_3,Banco,Código do Banco na Compensação,1,3,0,num,748,l10n_br_cnab_structure.cnab_sicredi_240_cobranca_batch_header,,,,,,""
cnab_sicredi_240_cobranca_batch_header_4_7,Lote,Lote de Serviço,4,7,0,num,0,l10n_br_cnab_structure.cnab_sicredi_240_cobranca_batch_header,,,,,,""
cnab_sicredi_240_cobranca_batch_header_8_8,Registro,Tipo de Registro,8,8,0,num,1,l10n_br_cnab_structure.cnab_sicredi_240_cobranca_batch_header,,,,,,""
cnab_sicredi_240_cobranca_segmento_t_1_3,Banco,Código do Banco na Compensação,1,3,0,num,748,l10n_br_cnab_structure.cnab_sicredi_240_cobranca_segmento_t,,,,,bank_code,""
cnab_sicredi_240_cobranca_segmento_t_4_7,Lote,Lote de Serviço,4,7,0,num,,l10n_br_cnab_structure.cnab_sicredi_240_cobranca_segmento_t,,,,,batch_code,""
cnab_sicredi_240_cobranca_segmento_t_8_8,Registro,Tipo de Registro,8,8,0,num,3,l10n_br_cnab_structure.cnab_sicredi_240_cobranca_segmento_t,,,,,record_type,""
cnab_sicredi_240_cobranca_segmento_t_9_13,Nº do Registro,Nº Sequencial do Registro no Lote,9,13,0,num,,l10n_br_cnab_structure.cnab_sicredi_240_cobranca_segmento_t,,,,,seq_number,""
cnab_sicredi_240_cobranca_segmento_t_14_14,Segmento,Código para Identificar o Segmento,14,14,0,alpha,,l10n_br_cnab_structure.cnab_sicredi_240_cobranca_segmento_t,,,,,segment,""
cnab_sicredi_240_cobranca_segmento_t_15_15,CNAB,Uso Exclusivo,15,15,0,alpha,,l10n_br_cnab_structure.cnab_sicredi_240_cobranca_segmento_t,,,,,,""
cnab_sicredi_240_cobranca_segmento_t_16_17,Código de Movimento,Movimento de Retorno,16,17,0,num,,l10n_br_cnab_structure.cnab_sicredi_240_cobranca_segmento_t,,,,,move_type_code,""
cnab_sicredi_240_cobranca_segmento_t_18_22,Agência,Agência do Beneficiário,18,22,0,num,,l10n_br_cnab_structure.cnab_sicredi_240_cobranca_segmento_t,,,,,partner_bank_branch,""
cnab_sicredi_240_cobranca_segmento_t_23_23,DV,DV Agência,23,23,0,alpha,,l10n_br_cnab_structure.cnab_sicredi_240_cobranca_segmento_t,,,,,,""
cnab_sicredi_240_cobranca_segmento_t_24_35,Conta,Conta Corrente do Beneficiário,24,35,0,num,,l10n_br_cnab_structure.cnab_sicredi_240_cobranca_segmento_t,,,,,partner_bank_account,""
cnab_sicredi_240_cobranca_segmento_t_36_36,DV,DV da Conta Corrente,36,36,0,num,,l10n_br_cnab_structure.cnab_sicredi_240_cobranca_segmento_t,,,,,partner_bank_account_dac,""
cnab_sicredi_240_cobranca_segmento_t_37_37,DV,DV Agência/Conta,37,37,0,alpha,,l10n_br_cnab_structure.cnab_sicredi_240_cobranca_segmento_t,,,,,,""
cnab_sicredi_240_cobranca_segmento_t_38_57,Nosso Número,Identificação do Título no Banco,38,57,0,num,,l10n_br_cnab_structure.cnab_sicredi_240_cobranca_segmento_t,,,,,own_number,""
cnab_sicredi_240_cobranca_segmento_t_58_58,Carteira,Código da Carteira,58,58,0,num,,l10n_br_cnab_structure.cnab_sicredi_240_cobranca_segmento_t,,,,,,""
cnab_sicredi_240_cobranca_segmento_t_59_73,Nº do Documento,Seu Número,59,73,0,alpha,,l10n_br_cnab_structure.cnab_sicredi_240_cobranca_segmento_t,,,,,your_number,""
cnab_sicredi_240_cobranca_segmento_t_74_81,Vencimento,Data de Vencimento do Título,74,81,0,num,,l10n_br_cnab_structure.cnab_sicredi_240_cobranca_segmento_t,,,,"datetime.strptime(content,'%d%m%Y') if content and content.strip() and content != '00000000' else False",due_date,""
cnab_sicredi_240_cobranca_segmento_t_82_96,Valor do Título,Valor Original do Título,82,96,2,num,,l10n_br_cnab_structure.cnab_sicredi_240_cobranca_segmento_t,,,,,title_value,""
cnab_sicredi_240_cobranca_segmento_t_97_99,Banco Cobrador,Nº Banco Cobrador,97,99,0,num,,l10n_br_cnab_structure.cnab_sicredi_240_cobranca_segmento_t,,,,,partner_bank_code,""
cnab_sicredi_240_cobranca_segmento_t_100_104,Cooperativa Cobradora,Nº da Cooperativa Cobradora,100,104,0,num,,l10n_br_cnab_structure.cnab_sicredi_240_cobranca_segmento_t,,,,,,""
cnab_sicredi_240_cobranca_segmento_t_105_105,DV,DV,105,105,0,alpha,,l10n_br_cnab_structure.cnab_sicredi_240_cobranca_segmento_t,,,,,,""
cnab_sicredi_240_cobranca_segmento_t_106_130,Identificação Título,Identificação do Título na Empresa,106,130,0,alpha,,l10n_br_cnab_structure.cnab_sicredi_240_cobranca_segmento_t,,,,,company_title_identification,""
cnab_sicredi_240_cobranca_segmento_t_131_132,Código da Moeda,09 - Real,131,132,0,num,,l10n_br_cnab_structure.cnab_sicredi_240_cobranca_segmento_t,,,,,currency_type,""
cnab_sicredi_240_cobranca_segmento_t_133_133,Tipo Inscrição,Tipo de Inscrição Pagador,133,133,0,num,,l10n_br_cnab_structure.cnab_sicredi_240_cobranca_segmento_t,,,,,,""
cnab_sicredi_240_cobranca_segmento_t_134_148,Nº Inscrição,Número de Inscrição Pagador,134,148,0,num,,l10n_br_cnab_structure.cnab_sicredi_240_cobranca_segmento_t,,,,,partner_document,""
cnab_sicredi_240_cobranca_segmento_t_149_188,Nome Pagador,Nome do Pagador,149,188,0,alpha,,l10n_br_cnab_structure.cnab_sicredi_240_cobranca_segmento_t,,,,,partner_name,""
cnab_sicredi_240_cobranca_segmento_t_189_198,Nº Contrato,Número do Contrato,189,198,0,alpha,,l10n_br_cnab_structure.cnab_sicredi_240_cobranca_segmento_t,,,,,,""
cnab_sicredi_240_cobranca_segmento_t_199_213,Tarifas/Custas,Valor das Tarifas/Custas,199,213,2,num,,l10n_br_cnab_structure.cnab_sicredi_240_cobranca_segmento_t,,,,,tariff_charge,""
cnab_sicredi_240_cobranca_segmento_t_214_223,Motivo Ocorrência,Identificação de Rejeições/Tarifas/Liquidação,214,223,0,alpha,,l10n_br_cnab_structure.cnab_sicredi_240_cobranca_segmento_t,,,,,occurrences,""
cnab_sicredi_240_cobranca_segmento_t_224_240,CNAB,Uso Exclusivo,224,240,0,alpha,,l10n_br_cnab_structure.cnab_sicredi_240_cobranca_segmento_t,,,,,,""
cnab_sicredi_240_cobranca_segmento_u_1_3,Banco,Código do Banco na Compensação,1,3,0,num,748,l10n_br_cnab_structure.cnab_sicredi_240_cobranca_segmento_u,,,,,bank_code,""
cnab_sicredi_240_cobranca_segmento_u_4_7,Lote,Lote de Serviço,4,7,0,num,,l10n_br_cnab_structure.cnab_sicredi_240_cobranca_segmento_u,,,,,batch_code,""
cnab_sicredi_240_cobranca_segmento_u_8_8,Registro,Tipo de Registro,8,8,0,num,3,l10n_br_cnab_structure.cnab_sicredi_240_cobranca_segmento_u,,,,,record_type,""
cnab_sicredi_240_cobranca_segmento_u_9_13,Nº do Registro,Nº Sequencial do Registro no Lote,9,13,0,num,,l10n_br_cnab_structure.cnab_sicredi_240_cobranca_segmento_u,,,,,seq_number,""
cnab_sicredi_240_cobranca_segmento_u_14_14,Segmento,Código para Identificar o Segmento,14,14,0,alpha,,l10n_br_cnab_structure.cnab_sicredi_240_cobranca_segmento_u,,,,,segment,""
cnab_sicredi_240_cobranca_segmento_u_15_15,CNAB,Uso Exclusivo Sicredi,15,15,0,alpha,,l10n_br_cnab_structure.cnab_sicredi_240_cobranca_segmento_u,,,,,,""
cnab_sicredi_240_cobranca_segmento_u_16_17,Código de Movimento,Código de Movimento de Retorno,16,17,0,num,,l10n_br_cnab_structure.cnab_sicredi_240_cobranca_segmento_u,,,,,move_type_code,""
cnab_sicredi_240_cobranca_segmento_u_18_32,Acréscimos,Valor Juros/Multa/Encargos,18,32,2,num,,l10n_br_cnab_structure.cnab_sicredi_240_cobranca_segmento_u,,,,,interest_fee_value,""
cnab_sicredi_240_cobranca_segmento_u_33_47,Desconto,Valor do Desconto,33,47,2,num,,l10n_br_cnab_structure.cnab_sicredi_240_cobranca_segmento_u,,,,,discount_value,""
cnab_sicredi_240_cobranca_segmento_u_48_62,Abatimento,Valor do Abatimento,48,62,2,num,,l10n_br_cnab_structure.cnab_sicredi_240_cobranca_segmento_u,,,,,rebate_value,""
cnab_sicredi_240_cobranca_segmento_u_63_77,IOF,Valor do IOF,63,77,2,num,,l10n_br_cnab_structure.cnab_sicredi_240_cobranca_segmento_u,,,,,iof_value,""
cnab_sicredi_240_cobranca_segmento_u_78_92,Valor Pago,Valor do Pagamento,78,92,2,num,,l10n_br_cnab_structure.cnab_sicredi_240_cobranca_segmento_u,,,,,payment_value,""
cnab_sicredi_240_cobranca_segmento_u_93_107,Valor Líquido,Valor Líquido a Ser Creditado,93,107,2,num,,l10n_br_cnab_structure.cnab_sicredi_240_cobranca_segmento_u,,,,,,""
cnab_sicredi_240_cobranca_segmento_u_108_122,Outras Despesas,Valor de Despesas do Título,108,122,2,num,,l10n_br_cnab_structure.cnab_sicredi_240_cobranca_segmento_u,,,,,,""
cnab_sicredi_240_cobranca_segmento_u_123_137,Outros Créditos,Valor de Créditos do Título,123,137,2,num,,l10n_br_cnab_structure.cnab_sicredi_240_cobranca_segmento_u,,,,,other_credits,""
cnab_sicredi_240_cobranca_segmento_u_138_145,Data Ocorrência,Data do Evento,138,145,0,num,,l10n_br_cnab_structure.cnab_sicredi_240_cobranca_segmento_u,,,,"datetime.strptime(content,'%d%m%Y') if content and content.strip() and content != '00000000' else False",occurrence_date,""
cnab_sicredi_240_cobranca_segmento_u_146_153,Data Crédito,Data da Disponibilização do Crédito,146,153,0,num,,l10n_br_cnab_structure.cnab_sicredi_240_cobranca_segmento_u,,,,"datetime.strptime(content,'%d%m%Y') if content and content.strip() and content != '00000000' else False",real_payment_date,""
cnab_sicredi_240_cobranca_segmento_u_154_157,Código,Sem preenchimento,154,157,0,alpha,,l10n_br_cnab_structure.cnab_sicredi_240_cobranca_segmento_u,,,,,,""
cnab_sicredi_240_cobranca_segmento_u_158_165,Data,Sem preenchimento,158,165,0,num,,l10n_br_cnab_structure.cnab_sicredi_240_cobranca_segmento_u,,,,,,""
cnab_sicredi_240_cobranca_segmento_u_166_180,Valor,Sem preenchimento,166,180,2,num,,l10n_br_cnab_structure.cnab_sicredi_240_cobranca_segmento_u,,,,,,""
cnab_sicredi_240_cobranca_segmento_u_181_210,Complemento,Sem preenchimento,181,210,0,alpha,,l10n_br_cnab_structure.cnab_sicredi_240_cobranca_segmento_u,,,,,,""
cnab_sicredi_240_cobranca_segmento_u_211_213,Banco Correspondente,Código do Banco Correspondente,211,213,0,num,,l10n_br_cnab_structure.cnab_sicredi_240_cobranca_segmento_u,,,,,,""
cnab_sicredi_240_cobranca_segmento_u_214_233,Nosso Nº Correspondente,Nosso Número no Banco Correspondente,214,233,0,num,,l10n_br_cnab_structure.cnab_sicredi_240_cobranca_segmento_u,,,,,,""
cnab_sicredi_240_cobranca_segmento_u_234_240,CNAB,Uso Exclusivo,234,240,0,alpha,,l10n_br_cnab_structure.cnab_sicredi_240_cobranca_segmento_u,,,,,,""
cnab_sicredi_240_cobranca_batch_trailer_1_3,Banco,Código do Banco na Compensação,1,3,0,num,748,l10n_br_cnab_structure.cnab_sicredi_240_cobranca_batch_trailer,,,,,,""
cnab_sicredi_240_cobranca_batch_trailer_4_7,Lote,Lote de Serviço,4,7,0,num,0,l10n_br_cnab_structure.cnab_sicredi_240_cobranca_batch_trailer,,,,,,""
cnab_sicredi_240_cobranca_batch_trailer_8_8,Registro,Tipo de Registro,8,8,0,num,5,l10n_br_cnab_structure.cnab_sicredi_240_cobranca_batch_trailer,,,,,,""
cnab_sicredi_240_cobranca_trailer_1_3,Banco,Código do Banco na Compensação,1,3,0,num,748,l10n_br_cnab_structure.cnab_sicredi_240_cobranca_trailer,,,,,,""
cnab_sicredi_240_cobranca_trailer_4_7,Lote,Lote de Serviço,4,7,0,num,0,l10n_br_cnab_structure.cnab_sicredi_240_cobranca_trailer,,,,,,""
cnab_sicredi_240_cobranca_trailer_8_8,Registro,Tipo de Registro,8,8,0,num,9,l10n_br_cnab_structure.cnab_sicredi_240_cobranca_trailer,,,,,,""
