id,code,name,ncms,ncm_exception,not_in_ncms,piscofins_type,tax_pis_id:id,tax_pis_st_id:id,tax_cofins_id:id,tax_cofins_st_id:id,sped_table,date_start,date_end
"tax_pis_cofins_columativo","000","Regime de Incidência Cumulativa PIS 0,65% e Cofins 3,00%",,,,"company","tax_pis_0_65",,"tax_cofins_3",,,,
"tax_pis_cofins_nao_columativo","000","Regime de Incidência Não Cumulativa PIS 1,65% e Cofins 7,60%",,,,"company","tax_pis_1_65",,"tax_cofins_7_6",,,,
"tax_pis_cofins_diferenciado","000","Regime de Incidência Diferenciada",,,,"company","tax_pis_0",,"tax_cofins_0",,,,
"tax_pis_cofins_simples_nacional","000","Simples Nacional",,,,"company","tax_pis_outros",,"tax_cofins_outros",,,,
tax_piscofins_4310_001,001,Revenda de combustíveis – Alíquota zero,,,,product,tax_pis_monofasico_0_00,,tax_cofins_monofasico_0_00,,4.3.10,2013-01-01,
tax_piscofins_4310_002,002,Revenda de fármacos e perfumarias – Alíquota zero,,,,product,tax_pis_monofasico_0_00,,tax_cofins_monofasico_0_00,,4.3.10,2013-01-01,
tax_piscofins_4310_003,003,"Revenda de veículos, maquinas e autopeças – Alíquota zero",,,,product,tax_pis_monofasico_0_00,,tax_cofins_monofasico_0_00,,4.3.10,2013-01-01,
tax_piscofins_4310_101,101,"Gasolinas, Exceto Gasolina de Aviação",27101259,,,product,tax_pis_monofasico_5_08,,tax_cofins_monofasico_23_44,,4.3.10,2012-01-01,
tax_piscofins_4310_102,102,Óleo Diesel,27101921,,,product,tax_pis_monofasico_4_21,,tax_cofins_monofasico_19_42,,4.3.10,2011-01-01,
tax_piscofins_4310_103,103,Gás Liqüefeito de Petróleo – GLP,27111910,,,product,tax_pis_monofasico_10_20,,tax_cofins_monofasico_47_40,,4.3.10,2011-01-01,
tax_piscofins_4310_104,104,Querosene de Aviação,27101911,,,product,tax_pis_monofasico_5_00,,tax_cofins_monofasico_23_20,,4.3.10,2011-01-01,
tax_piscofins_4310_105,105,Correntes Destinadas à Formulação de Gasolinas,,,,product,tax_pis_monofasico_5_08,,tax_cofins_monofasico_23_44,,4.3.10,2011-01-01,
tax_piscofins_4310_106,106,Correntes Destinadas à Formulação de Óleo Diesel,,,,product,tax_pis_monofasico_4_21,,tax_cofins_monofasico_19_42,,4.3.10,2011-01-01,
tax_piscofins_4310_107,107,Nafta Petroquímica Destinada à Formulação de Gasolina ou de Óleo Diesel,,,,product,tax_pis_monofasico_5_08,,tax_cofins_monofasico_23_44,,4.3.10,2011-01-01,
tax_piscofins_4310_108,108,Nafta Petroquímica Destinada à Formulação Exclusivamente de Óleo Diesel,,,,product,tax_pis_monofasico_4_21,,tax_cofins_monofasico_19_42,,4.3.10,2011-01-01,
tax_piscofins_4310_109,109,Biodiesel,"38260000_01,38260000",,,product,tax_pis_monofasico_6_15,,tax_cofins_monofasico_28_32,,4.3.10,2012-01-01,
tax_piscofins_4310_112,112,"Álcool, Inclusive para Fins Carburantes – Venda por Produtor ou Importador.","22089000_01,220710,2207201",,,product,tax_pis_monofasico_5_25,,tax_cofins_monofasico_24_15,,4.3.10,2025-05-01,
tax_piscofins_4310_116,116,Etanol Não Combustível - A partir de 1º de janeiro de 2026,,,,product,tax_pis_monofasico_1_29,,tax_cofins_monofasico_5_91,,4.3.10,2026-01-01,
tax_piscofins_4310_117,117,"Álcool, Inclusive para Fins Carburantes – Venda efetuada diretamente do produtor ou do importador para as pessoas jurídicas de que tratam os incisos II e III do caput do art. 68-B da Lei nº 9.478, de 6 de agosto de 1997","22089000_01,22071000,22072010",,,product,tax_pis_monofasico_5_25,,tax_cofins_monofasico_24_15,,4.3.10,2025-05-01,
tax_piscofins_4310_150,150,Nafta Petroquímica e Condensado Destinados às Centrais Petroquímicas,,,,product,tax_pis_monofasico_1_52,,tax_cofins_monofasico_7_00,,4.3.10,2025-01-01,2027-12-31
tax_piscofins_4310_201,201,Produtos Farmacêuticos,"3001,3003",,"30039056,3004",product,tax_pis_monofasico_2_10,,tax_cofins_monofasico_9_90,,4.3.10,2011-01-01,
tax_piscofins_4310_202,202,"Produtos de Perfumaria, de Toucador ou de Higiene Pessoal.","3303,3304,3305,3307,34011190",,"34011190_01,34012010,96032100",product,tax_pis_monofasico_2_20,,tax_cofins_monofasico_10_30,,4.3.10,2013-03-08,
tax_piscofins_4310_300,300,"VEICULOS, MAQUINAS E AUTOPEÇAS",,,,product,,,,,4.3.10,,
tax_piscofins_4310_301,301,"Veículos Automotores e Máquinas Agrícolas (*) Relativamente aos produtos classificados no Capítulo 84 da TIPI, aplica-se aos produtos autopropulsados ou não.","7309,731029,76129012,842481,8429,84306990,8432,8433,8434,8435,8436,8437,8701,8702,8703,8704,8705,8706,87162000",,,product,tax_pis_monofasico_2_00,,tax_cofins_monofasico_9_60,,4.3.10,2014-05-14,
tax_piscofins_4310_302,302,"Autopeças - Vendas para Atacadistas, Varejistas e Consumidores",10485,,,product,tax_pis_monofasico_2_30,,tax_cofins_monofasico_10_80,,4.3.10,2011-01-01,
tax_piscofins_4310_303,303,Autopeças - Vendas para Fabricantes de Veículos e Máquinas e de Autopeças,10485,,,product,tax_pis_monofasico_1_65,,tax_cofins_monofasico_7_60,,4.3.10,2011-01-01,
tax_piscofins_4310_304,304,Pneumáticos (Pneus Novos e Câmaras-de-Ar),"4011,4013",,,product,tax_pis_monofasico_2_00,,tax_cofins_monofasico_9_50,,4.3.10,2011-01-01,
tax_piscofins_4310_411,411,"Preparações compostas, não alcoólicas (extratos concentrados ou sabores concentrados), para elaboração de bebida refrigerante do Capítulo 22, com capacidade de diluição de até 10 partes da bebida para cada parte do concentrado – Volume de embalagem até 500 ml.   Vendas a PJ varejista ou consumidor final",21069010_02,,,product,tax_pis_monofasico_1_86,,tax_cofins_monofasico_8_54,,4.3.10,2018-01-01,
tax_piscofins_4310_412,412,"Preparações compostas, não alcoólicas (extratos concentrados ou sabores concentrados), para elaboração de bebida refrigerante do Capítulo 22, com capacidade de diluição de até 10 partes da bebida para cada parte do concentrado – Volume de embalagem acima de 500 ml.   Vendas a PJ varejista ou consumidor final",21069010_02,,,product,tax_pis_monofasico_1_86,,tax_cofins_monofasico_8_54,,4.3.10,2018-01-01,
tax_piscofins_4310_413,413,"Preparações compostas, não alcoólicas (extratos concentrados ou sabores concentrados), para elaboração de bebida refrigerante do Capítulo 22, com capacidade de diluição de até 10 partes da bebida para cada parte do concentrado – Volume de embalagem até 500 ml.   Vendas às demais pessoas jurídicas",21069010_02,,,product,tax_pis_monofasico_2_32,,tax_cofins_monofasico_10_68,,4.3.10,2018-01-01,
tax_piscofins_4310_414,414,"Preparações compostas, não alcoólicas (extratos concentrados ou sabores concentrados), para elaboração de bebida refrigerante do Capítulo 22, com capacidade de diluição de até 10 partes da bebida para cada parte do concentrado – Volume de embalagem acima de 500 ml.   Vendas às demais pessoas jurídicas",21069010_02,,,product,tax_pis_monofasico_2_32,,tax_cofins_monofasico_10_68,,4.3.10,2018-01-01,
tax_piscofins_4310_415,415,"Águas, incluindo as águas minerais, naturais ou artificiais, e as águas gaseificadas, não adicionadas de açúcar ou de outros edulcorantes nem aromatizadas – Volume de embalagem até 500 ml.  Vendas a PJ varejista ou consumidor final",2201,,22011000,product,tax_pis_monofasico_1_86,,tax_cofins_monofasico_8_54,,4.3.10,2018-01-01,
tax_piscofins_4310_416,416,"Águas, incluindo as águas minerais, naturais ou artificiais, e as águas gaseificadas, não adicionadas de açúcar ou de outros edulcorantes nem aromatizadas – Volume de embalagem acima de 500 ml.  Vendas a PJ varejista ou consumidor final",2201,,22011000,product,tax_pis_monofasico_1_86,,tax_cofins_monofasico_8_54,,4.3.10,2018-01-01,
tax_piscofins_4310_417,417,"Águas, incluindo as águas minerais, naturais ou artificiais, e as águas gaseificadas, não adicionadas de açúcar ou de outros edulcorantes nem aromatizadas – Volume de embalagem até 500 ml.  Vendas às demais pessoas jurídicas",2201,,22011000,product,tax_pis_monofasico_2_32,,tax_cofins_monofasico_10_68,,4.3.10,2018-01-01,
tax_piscofins_4310_418,418,"Águas, incluindo as águas minerais, naturais ou artificiais, e as águas gaseificadas, não adicionadas de açúcar ou de outros edulcorantes nem aromatizadas – Volume de embalagem acima de 500 ml.  Vendas às demais pessoas jurídicas",2201,,22011000,product,tax_pis_monofasico_2_32,,tax_cofins_monofasico_10_68,,4.3.10,2018-01-01,
tax_piscofins_4310_419,419,"Águas, incluindo as águas minerais e as águas gaseificadas, adicionadas de açúcar ou de outros edulcorantes ou aromatizadas e outras bebidas não alcoólicas, exceto sucos (sumos) de frutas ou de produtos hortícolas, da posição 20.09 – Volume de embalagem até 500 ml.  Vendas a PJ varejista ou consumidor final",2202,,22029000,product,tax_pis_monofasico_1_86,,tax_cofins_monofasico_8_54,,4.3.10,2018-01-01,
tax_piscofins_4310_420,420,"Águas, incluindo as águas minerais e as águas gaseificadas, adicionadas de açúcar ou de outros edulcorantes ou aromatizadas e outras bebidas não alcoólicas, exceto sucos (sumos) de frutas ou de produtos hortícolas, da posição 20.09 – Volume de embalagem acima de 500 ml.  Vendas a PJ varejista ou consumidor final",2202,,22029000,product,tax_pis_monofasico_1_86,,tax_cofins_monofasico_8_54,,4.3.10,2018-01-01,
tax_piscofins_4310_421,421,"Águas, incluindo as águas minerais e as águas gaseificadas, adicionadas de açúcar ou de outros edulcorantes ou aromatizadas e outras bebidas não alcoólicas, exceto sucos (sumos) de frutas ou de produtos hortícolas, da posição 20.09 – Volume de embalagem até 500 ml.  Vendas às demais pessoas jurídicas",2202,,22029000,product,tax_pis_monofasico_2_32,,tax_cofins_monofasico_10_68,,4.3.10,2018-01-01,
tax_piscofins_4310_422,422,"Águas, incluindo as águas minerais e as águas gaseificadas, adicionadas de açúcar ou de outros edulcorantes ou aromatizadas e outras bebidas não alcoólicas, exceto sucos (sumos) de frutas ou de produtos hortícolas, da posição 20.09 – Volume de embalagem acima de 500 ml.  Vendas às demais pessoas jurídicas",2202,,22029000,product,tax_pis_monofasico_2_32,,tax_cofins_monofasico_10_68,,4.3.10,2018-01-01,
tax_piscofins_4310_423,423,Cervejas de malte – Volume de embalagem até 400 ml.  Vendas a PJ varejista ou consumidor final,2203,,,product,tax_pis_monofasico_1_86,,tax_cofins_monofasico_8_54,,4.3.10,2018-01-01,
tax_piscofins_4310_424,424,Cervejas de malte – Volume de embalagem acima de 400 ml.  Vendas a PJ varejista ou consumidor final,2203,,,product,tax_pis_monofasico_1_86,,tax_cofins_monofasico_8_54,,4.3.10,2018-01-01,
tax_piscofins_4310_425,425,Cervejas de malte – Volume de embalagem até 400 ml.  Vendas às demais pessoas jurídicas,2203,,,product,tax_pis_monofasico_2_32,,tax_cofins_monofasico_10_68,,4.3.10,2018-01-01,
tax_piscofins_4310_426,426,Cervejas de malte – Volume de embalagem acima de 400 ml.  Vendas às demais pessoas jurídicas,2203,,,product,tax_pis_monofasico_2_32,,tax_cofins_monofasico_10_68,,4.3.10,2018-01-01,
tax_piscofins_4310_427,427,"Cervejas e chopes especiais classificados nos códigos 22.02.90.00 Ex 03 e 22.03 da TIPI (pessoa jurídica com volume total de produção até 5.000.000 de litros, no ano-calendário anterior) - Volume de embalagem até 400 ml.  Vendas às pessoas jurídicas em geral (não varejistas)","22029000_03,2203",,,product,tax_pis_monofasico_1_86,,tax_cofins_monofasico_8_54,,4.3.10,2018-01-01,
tax_piscofins_4310_428,428,"Cervejas e chopes especiais classificados nos códigos 22.02.90.00 Ex 03 e 22.03 da TIPI (pessoa jurídica com volume total de produção até 5.000.000 de litros, no ano-calendário anterior) - Volume de embalagem acima de 400 ml.  Vendas às pessoas jurídicas em geral (não varejistas)","22029000_03,2203",,,product,tax_pis_monofasico_1_86,,tax_cofins_monofasico_8_54,,4.3.10,2018-01-01,
tax_piscofins_4310_429,429,"Cervejas e chopes especiais classificados nos códigos 22.02.90.00 Ex 03 e 22.03 da TIPI (pessoa jurídica com volume total de produção acima de 5.000.000 e até 10.000.000 de litros, no ano-calendário anterior) - Volume de embalagem até 400 ml.  Vendas às pessoas jurídicas em geral (não varejistas)","22029000_03,2203",,,product,tax_pis_monofasico_2_09,,tax_cofins_monofasico_9_61,,4.3.10,2018-01-01,
tax_piscofins_4310_430,430,"Cervejas e chopes especiais classificados nos códigos 22.02.90.00 Ex 03 e 22.03 da TIPI (pessoa jurídica com volume total de produção acima de 5.000.000 e até 10.000.000 de litros, no ano-calendário anterior) - Volume de embalagem acima de 400 ml.  Vendas às pessoas jurídicas em geral (não varejistas)","22029000_03,2203",,,product,tax_pis_monofasico_2_09,,tax_cofins_monofasico_9_61,,4.3.10,2018-01-01,
tax_piscofins_4310_431,431,"Cervejas e chopes especiais classificados nos códigos 22.02.90.00 Ex 03 e 22.03 da TIPI (pessoa jurídica com volume total de produção até 5.000.000 de litros, no ano-calendário anterior) - Volume de embalagem até 400 ml.  Vendas às pessoas jurídicas varejistas ou consumidor final","22029000_03,2203",,,product,tax_pis_monofasico_1_49,,tax_cofins_monofasico_6_83,,4.3.10,2018-01-01,
tax_piscofins_4310_432,432,"Cervejas e chopes especiais classificados nos códigos 22.02.90.00 Ex 03 e 22.03 da TIPI (pessoa jurídica com volume total de produção até 5.000.000 de litros, no ano-calendário anterior) - Volume de embalagem acima de 400 ml.  Vendas às pessoas jurídicas varejistas ou consumidor final","22029000_03,2203",,,product,tax_pis_monofasico_1_49,,tax_cofins_monofasico_6_83,,4.3.10,2018-01-01,
tax_piscofins_4310_433,433,"Cervejas e chopes especiais classificados nos códigos 22.02.90.00 Ex 03 e 22.03 da TIPI (pessoa jurídica com volume total de produção acima de 5.000.000 e até 10.000.000 de litros, no ano-calendário anterior) - Volume de embalagem até 400 ml.  Vendas às pessoas jurídicas varejistas ou consumidor final","22029000_03,2203",,,product,tax_pis_monofasico_1_67,,tax_cofins_monofasico_7_69,,4.3.10,2018-01-01,
tax_piscofins_4310_434,434,"Cervejas e chopes especiais classificados nos códigos 22.02.90.00 Ex 03 e 22.03 da TIPI (pessoa jurídica com volume total de produção acima de 5.000.000 e até 10.000.000 de litros, no ano-calendário anterior) - Volume de embalagem acima de 400 ml.  Vendas às pessoas jurídicas varejistas ou consumidor final","22029000_03,2203",,,product,tax_pis_monofasico_1_67,,tax_cofins_monofasico_7_69,,4.3.10,2018-01-01,
tax_piscofins_4311_101,101,"Gasolinas, Exceto Gasolina de Aviação",27101259,,,product,tax_pis_value_141_10,,tax_cofins_value_651_40,,4.3.11,2023-06-29,
tax_piscofins_4311_103,103,"Gás Liqüefeito de Petróleo – GLP, quando NÃO destinado ao uso doméstico e envasado em recipientes de até treze quilogramas***",27111910,,,product,tax_pis_value_29_85,,tax_cofins_value_137_85,,4.3.11,2021-03-01,
tax_piscofins_4311_105,105,Correntes Destinadas à Formulação de Gasolinas,,,,product,tax_pis_value_141_10,,tax_cofins_value_651_40,,4.3.11,2023-06-29,
tax_piscofins_4311_106,106,Correntes Destinadas Exclusivamente à Formulação de Óleo Diesel****,,,,product,tax_pis_value_62_61,,tax_cofins_value_288_89,,4.3.11,2024-01-01,
tax_piscofins_4311_107,107,Nafta Petroquímica Destinada à Formulação de Gasolina ou de Óleo Diesel,,,,product,tax_pis_value_46_58,,tax_cofins_value_215_02,,4.3.11,2011-01-01,
tax_piscofins_4311_108,108,Nafta Petroquímica Destinada à Formulação Exclusivamente de Óleo Diesel,,,,product,tax_pis_value_26_36,,tax_cofins_value_121_64,,4.3.11,2011-01-01,
tax_piscofins_4311_112,112,"Álcool, Inclusive para Fins Carburantes – Venda por Produtor ou Importador","22089000_01,220710,2207201",,,product,tax_pis_value_34_33,,tax_cofins_value_157_87,,4.3.11,2025-05-01,
tax_piscofins_4311_611,611,Refrigerantes PET Descartável Até 350 ml,22021000,,,product,tax_pis_value_0_0341,,tax_cofins_value_0_157,,4.3.11,2015-05-01,
tax_piscofins_4311_612,612,Refrigerantes PET Descartável De 351 a 600 ml,22021000,,,product,tax_pis_value_0_0292,,tax_cofins_value_0_1346,,4.3.11,2015-05-01,
tax_piscofins_4311_613,613,Refrigerantes PET Descartável De 601 a 1.000 ml,22021000,,,product,tax_pis_value_0_0211,,tax_cofins_value_0_0972,,4.3.11,2015-05-01,
tax_piscofins_4311_614,614,Refrigerantes PET Descartável De 1.001 a 1.500 ml,22021000,,,product,tax_pis_value_0_0186,,tax_cofins_value_0_0854,,4.3.11,2015-05-01,
tax_piscofins_4311_615,615,Refrigerantes PET Descartável De 1.501 a 2.200 ml,22021000,,,product,tax_pis_value_0_0174,,tax_cofins_value_0_0801,,4.3.11,2015-05-01,
tax_piscofins_4311_616,616,Refrigerantes PET Descartável Acima de 2.200 ml,22021000,,,product,tax_pis_value_0_0226,,tax_cofins_value_0_1041,,4.3.11,2015-05-01,
tax_piscofins_4311_617,617,Refrigerantes PET Retornável Todas,22021000,,,product,tax_pis_value_0_0253,,tax_cofins_value_0_1164,,4.3.11,2015-05-01,
tax_piscofins_4311_618,618,Refrigerantes Vidro Até 350 ml,22021000,,,product,tax_pis_value_0_0223,,tax_cofins_value_0_1026,,4.3.11,2015-05-01,
tax_piscofins_4311_619,619,Refrigerantes Vidro De 351 a 600 ml,22021000,,,product,tax_pis_value_0_0125,,tax_cofins_value_0_0578,,4.3.11,2015-05-01,
tax_piscofins_4311_620,620,Refrigerantes Vidro Acima de 600 ml,22021000,,,product,tax_pis_value_0_0122,,tax_cofins_value_0_0563,,4.3.11,2015-05-01,
tax_piscofins_4311_621,621,Refrigerantes Lata Até 350 ml,22021000,,,product,tax_pis_value_0_0338,,tax_cofins_value_0_1555,,4.3.11,2015-05-01,
tax_piscofins_4311_631,631,Chá PET Descartável Até 500 ml,22021000,,,product,tax_pis_value_0_0536,,tax_cofins_value_0_2467,,4.3.11,2015-05-01,
tax_piscofins_4311_632,632,Chá PET Descartável Acima de 500 ml,22021000,,,product,tax_pis_value_0_0243,,tax_cofins_value_0_112,,4.3.11,2015-05-01,
tax_piscofins_4311_633,633,Chá Copo Descartável Todas,22021000,,,product,tax_pis_value_0_0464,,tax_cofins_value_0_2136,,4.3.11,2015-05-01,
tax_piscofins_4311_641,641,Refrescos Todas Todas,22021000_01,,,product,tax_pis_value_0_0177,,tax_cofins_value_0_0815,,4.3.11,2015-05-01,
tax_piscofins_4311_651,651,Isotônico Todas Todas,22029000_04,,,product,tax_pis_value_0_0177,,tax_cofins_value_0_0815,,4.3.11,2015-05-01,
tax_piscofins_4311_661,661,Energético PET Até 350 ml,22029000_05,,,product,tax_pis_value_0_0909,,tax_cofins_value_0_4187,,4.3.11,2015-05-01,
tax_piscofins_4311_662,662,Energético PET De 351 a 600 ml,22029000_05,,,product,tax_pis_value_0_065,,tax_cofins_value_0_299,,4.3.11,2015-05-01,
tax_piscofins_4311_663,663,Energético PET De 601 a 1.000 ml,22029000_05,,,product,tax_pis_value_0_0568,,tax_cofins_value_0_2617,,4.3.11,2015-05-01,
tax_piscofins_4311_664,664,Energético PET De 1.001 a 1.500 ml,22029000_05,,,product,tax_pis_value_0_0503,,tax_cofins_value_0_2318,,4.3.11,2015-05-01,
tax_piscofins_4311_665,665,Energético PET Acima de 1.500 ml,22029000_05,,,product,tax_pis_value_0_0455,,tax_cofins_value_0_2093,,4.3.11,2015-05-01,
tax_piscofins_4311_666,666,Energético Lata Até 350 ml,22029000_05,,,product,tax_pis_value_0_1104,,tax_cofins_value_0_5084,,4.3.11,2015-05-01,
tax_piscofins_4311_667,667,Energético Lata De 351 a 500 ml,22029000_05,,,product,tax_pis_value_0_0763,,tax_cofins_value_0_3514,,4.3.11,2015-05-01,
tax_piscofins_4311_668,668,Energético Lata Acima de 500 ml,22029000_05,,,product,tax_pis_value_0_0715,,tax_cofins_value_0_3289,,4.3.11,2015-05-01,
tax_piscofins_4311_671,671,Cerveja Retornável,22030000,,,product,tax_pis_value_0_0348,,tax_cofins_value_0_1602,,4.3.11,2015-05-01,
tax_piscofins_4311_672,672,Cerveja Descartável,22030000,,,product,tax_pis_value_0_0371,,tax_cofins_value_0_1709,,4.3.11,2015-05-01,
tax_piscofins_4311_681,681,Chopp Todas Todas,22030000_01,,,product,tax_pis_value_0_0348,,tax_cofins_value_0_1602,,4.3.11,2015-05-01,
tax_piscofins_4311_821,821,"Águas Minerais Naturais Envasadas em Embalagens de Capacidade até 9,999 Litros",22011000_01,,,product,tax_pis_value_0_00,,tax_cofins_value_0_00,,4.3.11,2012-09-18,
tax_piscofins_4311_822,822,Águas Minerais Naturais Envasadas em Embalagens de Capacidade Igual ou Superior a 10 Litros,22011000_02,,,product,tax_pis_value_0_00,,tax_cofins_value_0_00,,4.3.11,2012-09-18,
tax_piscofins_4312_101,101,"Cigarros, de fumo (tabaco) ou dos seus sucedâneos",2402,,,product,tax_pis_st0_65,,tax_cofins_st3_00,,4.3.12,2011-01-01,
tax_piscofins_4312_102,102,Cigarrilhas,24021000,,,product,tax_pis_st0_65,,tax_cofins_st3_00,,4.3.12,2011-08-01,
tax_piscofins_4312_201,201,"Motocicletas (incluídos os ciclomotores) e outros ciclos equipados com motor auxiliar, mesmo com carro lateral; carros laterais",8711,,,product,tax_pis_st0_65,,tax_cofins_st3_00,,4.3.12,2011-01-01,
tax_piscofins_4312_301,301,"Semeadores, plantadores e transplantadores dos códigos 8432.30 da TIPI",843230,,,product,tax_pis_st0_65,,tax_cofins_st3_00,,4.3.12,2011-01-01,
tax_piscofins_4313_101,101,"Adubos ou fertilizantes classificados no Capítulo 31, exceto os produtos de uso veterinário, da TIPI, e suas matérias-primas",,,,product,tax_pis_0,,tax_cofins_0,,4.3.13,2011-01-01,
tax_piscofins_4313_102,102,Defensivos agropecuários classificados na posição 38.08 da TIPI e suas matérias-primas,3808,,,product,tax_pis_0,,tax_cofins_0,,4.3.13,2011-01-01,
tax_piscofins_4313_103,103,"Sementes e mudas destinadas à semeadura e plantio, em conformidade com o disposto na Lei no 10.711/03, e produtos de natureza biológica utilizados em sua produção",,,,product,tax_pis_0,,tax_cofins_0,,4.3.13,2011-01-01,
tax_piscofins_4313_104,104,Corretivo de solo de origem mineral classificado no Capítulo 25 da TIPI,,,,product,tax_pis_0,,tax_cofins_0,,4.3.13,2011-01-01,
tax_piscofins_4313_105,105,"Legumes de vagem, secos, em grão, mesmo pelados ou partidos; arroz; farinhas e sêmolas","07133319,07133329,07133399,100620,100630,110620",,,product,tax_pis_0,,tax_cofins_0,,4.3.13,2011-01-01,
tax_piscofins_4313_106,106,"Inoculantes agrícolas produzidos a partir de bactérias fixadoras de nitrogênio, classificados no código 3002.90.99 da TIPI",30029099,,,product,tax_pis_0,,tax_cofins_0,,4.3.13,2011-01-01,
tax_piscofins_4313_107,107,Vacinas para medicina veterinária,300230,,,product,tax_pis_0,,tax_cofins_0,,4.3.13,2011-01-01,
tax_piscofins_4313_108,108,"Farinha, grumos e sêmolas, grãos esmagados ou em flocos, de milho, classificados, respectivamente, nos códigos 1102.20, 1103.13 e 1104.19, todos da TIPI","110220,110313,110419",,,product,tax_pis_0,,tax_cofins_0,,4.3.13,2011-01-01,
tax_piscofins_4313_109,109,Pintos de 1 (um) dia,010511,,,product,tax_pis_0,,tax_cofins_0,,4.3.13,2011-01-01,
tax_piscofins_4313_110,110,"Leite fluido pasteurizado ou industrializado, na forma de ultrapasteurizado, leite em pó, integral, semidesnatado ou desnatado, leite fermentado, bebidas e compostos lácteos e fórmulas infantis, assim definidas conforme previsão legal específica, destinados ao consumo humano ou utilizados na industrialização de produtos que se destinam ao consumo humano",,,,product,tax_pis_0,,tax_cofins_0,,4.3.13,2011-01-01,
tax_piscofins_4313_111,111,"Queijos tipo mozarela, minas, prato, queijo de coalho, ricota, requeijão, queijo provolone, queijo parmesão e queijo fresco não maturado.",,,,product,tax_pis_0,,tax_cofins_0,,4.3.13,2011-01-01,
tax_piscofins_4313_112,112,Soro de leite fluido a ser empregado na industrialização de produtos destinados ao consumo humano,,,,product,tax_pis_0,,tax_cofins_0,,4.3.13,2011-01-01,
tax_piscofins_4313_113,113,Farinha de trigo,11010010,,,product,tax_pis_0,,tax_cofins_0,,4.3.13,2011-01-01,
tax_piscofins_4313_114,114,Trigo,1001,,,product,tax_pis_0,,tax_cofins_0,,4.3.13,2011-01-01,
tax_piscofins_4313_115,115,Pré-misturas próprias para fabricação de pão comum e pão comum,"19012000_01,19059090_01",,,product,tax_pis_0,,tax_cofins_0,,4.3.13,2011-01-01,
tax_piscofins_4313_116,116,Produtos hortícolas e frutas,,,,product,tax_pis_0,,tax_cofins_0,,4.3.13,2011-01-01,
tax_piscofins_4313_117,117,Ovos,0407,,,product,tax_pis_0,,tax_cofins_0,,4.3.13,2011-01-01,
tax_piscofins_4313_118,118,Venda de semens e embriões,"05111000,05119910,05119920",,,product,tax_pis_0,,tax_cofins_0,,4.3.13,2011-01-01,
tax_piscofins_4313_119,119,Massas alimentícias classificadas na posição 19.02 da TIPI.,"19021100,19021900,19022000,19023000",,,product,tax_pis_0,,tax_cofins_0,,4.3.13,2011-12-02,
tax_piscofins_4313_120,120,Queijo do reino,,,,product,tax_pis_0,,tax_cofins_0,,4.3.13,2012-05-31,
tax_piscofins_4313_121,121,"Carnes bovina, suína, ovina, caprina e de aves e produtos de origem animal classificados nos seguintes códigos da TIPI: a) 02.01, 02.02, 0206.10.00, 0206.2, 0210.20.00, 0506.90.00, 0510.00.10 e 1502.10.1; b) 02.03, 0206.30.00, 0206.4, 02.07, 02.09 e 0210.1 e carne de frango classificada no código 0210.99.00; e c) 02.04 e miudezas comestíveis de ovinos e caprinos classificadas no código 0206.80.00;","0201,0202,02061000,02062,02102000,05069000,05100010,1502101,0203,0204,02063000,02064,0207,0209,02101",,,product,tax_pis_0,,tax_cofins_0,,4.3.13,2013-03-08,
tax_piscofins_4313_122,122,Peixes e outros produtos classificados nos seguintes códigos da TIPI:,0302,,"03029000,0303,0304",product,tax_pis_0,,tax_cofins_0,,4.3.13,2013-03-08,
tax_piscofins_4313_123,123,Café classificado nos códigos 09.01 e 2101.1 da TIPI,"0901,21011",,,product,tax_pis_0,,tax_cofins_0,,4.3.13,2013-03-08,
tax_piscofins_4313_124,124,Açúcar classificado nos códigos 1701.14.00 e 1701.99.00 da TIPI,"17011400,17019900",,,product,tax_pis_0,,tax_cofins_0,,4.3.13,2013-03-08,
tax_piscofins_4313_125,125,Óleo de soja classificado na posição 15.07 da TIPI e outros óleos vegetais classificados nas posições 15.08 a 15.14 da TIPI,"1507,1508,1514",,,product,tax_pis_0,,tax_cofins_0,,4.3.13,2013-03-08,
tax_piscofins_4313_126,126,Manteiga classificada no código 0405.10.00 da TIPI,04051000,,,product,tax_pis_0,,tax_cofins_0,,4.3.13,2013-03-08,
tax_piscofins_4313_127,127,Margarina classificada no código 1517.10.00,15171000,,,product,tax_pis_0,,tax_cofins_0,,4.3.13,2013-03-08,
tax_piscofins_4313_128,128,Sabões de toucador classificados no código 3401.11.90 Ex 01 da TIPI,34011190_01,,,product,tax_pis_0,,tax_cofins_0,,4.3.13,2013-03-08,
tax_piscofins_4313_129,129,Produtos para higiene bucal ou dentária classificados na posição 33.06 da TIPI,3306,,,product,tax_pis_0,,tax_cofins_0,,4.3.13,2013-03-08,
tax_piscofins_4313_130,130,Papel higiênico classificado no código 4818.10.00 da TIPI,48181000,,,product,tax_pis_0,,tax_cofins_0,,4.3.13,2013-03-08,
tax_piscofins_4313_201,201,Aeronaves classificadas na posição 88.02 da TIPI,8802,,,product,tax_pis_0,,tax_cofins_0,,4.3.13,2011-01-01,
tax_piscofins_4313_202,202,"Partes, peças, ferramentais, componentes, insumos, fluidos hidráulicos, tintas, anticorrosivos, lubrificantes, equipamentos, serviços e matérias-primas a serem empregados na manutenção, conservação, modernização, reparo, revisão, conversão e industrialização das aeronaves, seus motores, partes, componentes, ferramentais e equipamentos das aeronaves referidas no código 201",,,,product,tax_pis_0,,tax_cofins_0,,4.3.13,2011-01-01,
tax_piscofins_4313_203,203,"Álcool anidro adicionado à gasolina, por distribuidores",,,,product,tax_pis_0,,tax_cofins_0,,4.3.13,2011-01-01,
tax_piscofins_4313_204,204,"Álcool, inclusive para fins carburantes, em operações realizadas em bolsa de mercadorias e futuros, exceto quando ocorra a liquidação física do contrato",,,,product,tax_pis_0,,tax_cofins_0,,4.3.13,2011-01-01,
tax_piscofins_4313_205,205,Carvão mineral destinado à geração de energia elétrica,,,,product,tax_pis_0,,tax_cofins_0,,4.3.13,2011-01-01,
tax_piscofins_4313_206,206,"Biodiesel fabricado a partir de matérias-primas produzidas nas regiões norte, nordeste e no semi-árido, por agricultor familiar enquadrado no PRONAF",,,,product,tax_pis_0,,tax_cofins_0,,4.3.13,2011-01-01,
tax_piscofins_4313_207,207,"Valores recebidos pelos concessionários de que trata a Lei nº 6.729/1979, pela intermediação ou entrega dos veículos classificados nas posições 87.03 e 87.04 da TIPI, vendidos diretamente ao consumidor final","8703,8704",,,product,tax_pis_0,,tax_cofins_0,,4.3.13,2011-01-01,
tax_piscofins_4313_208,208,"Veículos novos montados sobre chassis, com capacidade para vinte e três a quarenta e quatro passageiros, classificados no código 8702.10.00 Ex. 02 e 8702.90.90 Ex 02, da TIPI, destinados ao transporte escolar para a educação básica na zona rural das redes estadual, municipal e distrital, quando adquiridos pelos Estados, Municípios e pelo Distrito Federal","87021000_02,87029090_02",,,product,tax_pis_0,,tax_cofins_0,,4.3.13,2011-01-01,
tax_piscofins_4313_209,209,"Embarcações novas, com capacidade para vinte a trinta e cinco passageiros, classificadas no código 8901.90.00 da TIPI, destinadas ao transporte escolar para a educação básica na zona rural das redes estadual, municipal e distrital, quando adquiridos pelos Estados, Municípios e pelo Distrito Federal",,,,product,tax_pis_0,,tax_cofins_0,,4.3.13,2011-01-01,
tax_piscofins_4313_210,210,"Materiais e equipamentos, inclusive partes, peças e componentes, destinados ao emprego na construção, conservação, modernização, conversão ou reparo de embarcações registradas ou pré-registradas no Registro Especial Brasileiro",,,,product,tax_pis_0,,tax_cofins_0,,4.3.13,2011-01-01,
tax_piscofins_4313_211,211,"Veículos e carros blindados de combate, novos, armados ou não, e suas partes, produzidos no Brasil, com peso bruto total até 30 (trinta) toneladas, classificados na posição 8710.00.00 da TIPI, destinados ao uso das Forças Armadas ou órgãos de segurança pública brasileiros, quando adquiridos por órgãos e entidades da administração pública direta",,,,product,tax_pis_0,,tax_cofins_0,,4.3.13,2011-01-01,
tax_piscofins_4313_212,212,"Gás natural canalizado, destinado à produção de energia elétrica pelas usinas integrantes do Programa Prioritário de Termoeletricidade, nos termos e condições estabelecidos em ato conjunto dos Ministros de Estado de Minas Energia e da Fazenda",,,,product,tax_pis_0,,tax_cofins_0,,4.3.13,2011-01-01,
tax_piscofins_4313_213,213,"Serviços de transporte ferroviário em sistema de trens de alta velocidade (TAV), assim entendido como a composição utilizada para efetuar a prestação do serviço público de transporte ferroviário que consiga atingir velocidade igual ou superior a 250 km/h (duzentos e cinquenta quilômetros por hora).",,,,product,tax_pis_0,,tax_cofins_0,,4.3.13,2011-01-01,
tax_piscofins_4313_214,214,"Receitas decorrentes da prestação de serviços regulares de transporte coletivo municipal rodoviário, metroviário e ferroviário de passageiros, inclusive as decorrentes da prestação dos referidos serviços no território de região metropolitana regularmente constituída.",,,,product,tax_pis_0,,tax_cofins_0,,4.3.13,2013-05-31,
tax_piscofins_4313_215,215,"Receita decorrente da prestação de serviços regulares de transporte coletivo municipal rodoviário, metroviário, ferroviário e aquaviário de passageiros, alcançando as receitas decorrentes da prestação dos referidos serviços: no território de região metropolitana regularmente constituída; e conforme definidos nos incisos XI a XIII do art. 4o da Lei no 12.587/2012.",,,,product,tax_pis_0,,tax_cofins_0,,4.3.13,2014-11-14,
tax_piscofins_4313_216,216,"Álcool, inclusive para fins carburantes – Receita bruta de venda de Distribuidor, no caso de venda de etanol combustível.",,,,product,tax_pis_0,,tax_cofins_0,,4.3.13,2025-05-01,
tax_piscofins_4313_219,219,GLP* quando destinado ao uso doméstico e envasado em recipientes de até treze quilogramas.,27111910,,,product,tax_pis_0,,tax_cofins_0,,4.3.13,2021-03-01,
tax_piscofins_4313_223,223,"Receitas decorrentes da venda de produtos classificados no Ex 01 do código 8503.00.90 da Tipi, exceto pás eólicas. utilizados exclusiva ou principalmente em aerogeradores classificados no código 8502.31.00 da Tipi.",,,,product,tax_pis_0,,tax_cofins_0,,4.3.13,2015-10-06,
tax_piscofins_4313_227,227,"As receitas decorrentes da atividade de transporte aéreo regular de passageiros. (Art. 2º, § 2º, da MP nº 1.147/22)",,,,product,tax_pis_0,,tax_cofins_0,,4.3.13,2023-01-01,2026-12-31
tax_piscofins_4313_228,228,Programa Mover - As receitas e ganhos líquidos do Fundo Nacional de Desenvolvimento Industrial e Tecnológico (FNDIT).,,,,product,tax_pis_0,,tax_cofins_0,,4.3.13,2024-06-27,
tax_piscofins_4313_301,301,Produtos classificados na posição 87.13 da NCM (cadeiras de rodas e outros veículos),8713,,,product,tax_pis_0,,tax_cofins_0,,4.3.13,2011-01-01,
tax_piscofins_4313_302,302,Artigos e aparelhos ortopédicos ou para fraturas classificados no código 90.21.10 da NCM,902110,,,product,tax_pis_0,,tax_cofins_0,,4.3.13,2011-01-01,
tax_piscofins_4313_303,303,Artigos e aparelhos de próteses classificados no código 90.21.3 da NCM,90213,,,product,tax_pis_0,,tax_cofins_0,,4.3.13,2011-01-01,
tax_piscofins_4313_304,304,"Almofadas antiescaras classificadas nos Capítulos 39, 40, 63 e 94 da NCM",,,,product,tax_pis_0,,tax_cofins_0,,4.3.13,2011-01-01,
tax_piscofins_4313_305,305,"Bens relacionados em ato do Poder Executivo para aplicação nas Unidades Modulares de Saúde de que trata o Convênio ICMS no 114/2009 quando vendidos a órgãos da administração pública direta federal, estadual, distrital e municipal",,,,product,tax_pis_0,,tax_cofins_0,,4.3.13,2011-01-01,
tax_piscofins_4313_306,306,Produtos químicosclassificados no Capítulo 29 da Nomenclatura Comum do Mercosul – NCM,,,,product,tax_pis_0,,tax_cofins_0,,4.3.13,2011-01-01,
tax_piscofins_4313_307,307,"Produtos químicos intermediários de síntese, classificados no Capítulo 29 da NCM",,,,product,tax_pis_0,,tax_cofins_0,,4.3.13,2011-01-01,
tax_piscofins_4313_308,308,"Produtos destinados ao uso em hospitais, clínicas e consultórios médicos e odontológicos, campanhas de saúde realizadas pelo poder público, laboratório de anatomia patológica, citológica ou de análises clínicas, classificados nas posições 30.02, 30.06, 39.26, 40.15 e 90.18, da NCM",,,,product,tax_pis_0,,tax_cofins_0,,4.3.13,2011-01-01,
tax_piscofins_4313_309,309,"Produtos classificados nos códigos 8443.32.22, 8469.00.39 Ex 01, 8714.20.00, 9021.40.00, 9021.90.82 e 9021.90.92, todos da Tipi","84690039_01,84433222,87142000,90214000,90219082,90219092",,,product,tax_pis_0,,tax_cofins_0,,4.3.13,2012-05-18,
tax_piscofins_4313_310,310,Calculadoras equipadas com sintetizador de voz classificadas no código 8470.10.00 Ex 01 da TIPI,84701000_01,,,product,tax_pis_0,,tax_cofins_0,,4.3.13,2012-05-18,
tax_piscofins_4313_311,311,Teclados com colmeia classificados no código 8471.60.52 da TIPI,,,,product,tax_pis_0,,tax_cofins_0,,4.3.13,2011-11-18,
tax_piscofins_4313_312,312,Indicadores ou apontadores - mouses - com entrada para acionador classificados no código 8471.60.53 da TIPI,,,,product,tax_pis_0,,tax_cofins_0,,4.3.13,2011-11-18,
tax_piscofins_4313_313,313,Linhas braile classificadas no código 8471.60.90 Ex 01da TIPI,84716090_01,,,product,tax_pis_0,,tax_cofins_0,,4.3.13,2012-05-18,
tax_piscofins_4313_314,314,Digitalizadores de imagens - scanners - equipados com sintetizador de voz classificados no código 8471.90.14  Ex 01 da TIPI,84719014_01,,,product,tax_pis_0,,tax_cofins_0,,4.3.13,2012-05-18,
tax_piscofins_4313_315,315,Duplicadores braile classificados no código 8472.10.00 Ex 01 da TIPI,84721000_01,,,product,tax_pis_0,,tax_cofins_0,,4.3.13,2012-05-18,
tax_piscofins_4313_316,316,Acionadores de pressão classificados no código 8471.60.53 Ex.02 da TIPI,84716053_02,,,product,tax_pis_0,,tax_cofins_0,,4.3.13,2012-05-18,
tax_piscofins_4313_317,317,Lupas eletrônicas do tipo utilizado por pessoas com deficiência visual classificadas no código 8525.80.19 Ex 01 da TIPI,85258019_01,,,product,tax_pis_0,,tax_cofins_0,,4.3.13,2012-05-18,
tax_piscofins_4313_318,318,Implantes cocleares classificados no código 9021.40.00 da TIPI,90214000,,,product,tax_pis_0,,tax_cofins_0,,4.3.13,2012-05-18,
tax_piscofins_4313_319,319,Próteses oculares classificadas no código 9021.39.80 da TIPI,90213980,,,product,tax_pis_0,,tax_cofins_0,,4.3.13,2012-05-18,
tax_piscofins_4313_320,320,Programas - softwares - de leitores de tela que convertem texto em voz sintetizada para auxílio de pessoas com deficiência visual.,,,,product,tax_pis_0,,tax_cofins_0,,4.3.13,2012-05-18,
tax_piscofins_4313_321,321,"Aparelhos contendo programas - softwares - de leitores de tela que convertem texto em caracteres braile, para utilização de surdos-cegos.",,,,product,tax_pis_0,,tax_cofins_0,,4.3.13,2012-05-18,
tax_piscofins_4313_322,322,"Neuroestimuladores para tremor essencial/Parkinson, classificados no código 9021.90.19, e seus acessórios, classificados nos códigos 9018.90.99, 9021.90.91 e 9021.90.99, todos da Tipi.","90189099,90219091,90219099",,,product,tax_pis_0,,tax_cofins_0,,4.3.13,2012-05-18,
tax_piscofins_4313_323,323,"Equipamentos ou materiais destinados a uso médico, hospitalar, clínico ou laboratorial, conforme ato editado pelo Poder Executivo, quando adquiridos:  I - pela União, Estados, Distrito Federal ou Municípios, bem como pelas suas autarquias e fundações instituídas e mantidas pelo poder público; ou II - por entidades beneficentes de assistência social que atendam ao disposto na Lei nº 12.101/2009.",,,,product,tax_pis_0,,tax_cofins_0,,4.3.13,2014-11-14,
tax_piscofins_4313_405,405,"PADIS - Programa de Apoio ao Desenvolvimento Tecnológico da Indústria de Semicondutores - Venda, no mercado interno para PJ habilitada no PADIS, de máquinas, aparelhos, instrumentos, equipamentos, para incorporação ao ativo imobilizado da adquirente - Venda, no mercado interno para PJ habilitada no PADIS, de ferramentas computacionais (softwares) - Venda, no mercado interno para PJ habilitada no PADIS, de insumos - Vendas dos dispositivos eletrônicos semicondutores e mostradores de informação (displays) por PJ habilitada no PADIS  - Venda de projeto (design), por PJ habilitada no PADIS",,,,product,tax_pis_0,,tax_cofins_0,,4.3.13,2011-01-01,
tax_piscofins_4313_406,406,"PATVD - Programa de Apoio ao Desenvolvimento Tecnológico da Indústria de Equipamentos para a TV Digital - Venda, no mercado interno para PJ habilitada no PATVD, de máquinas, aparelhos, instrumentos, equipamentos, para incorporação ao ativo imobilizado da adquirente - Venda, no mercado interno para PJ habilitada no PATVD, de ferramentas computacionais (softwares) - Venda, no mercado interno para PJ habilitada no PATVD, de insumos - Vendas dos equipamentos transmissores por PJ habilitada no PATVD",,,,product,tax_pis_0,,tax_cofins_0,,4.3.13,2011-01-01,
tax_piscofins_4313_413,413,"Receita decorrente da venda de bens de defesa nacional definidos em ato do Poder Executivo efetuada por pessoa jurídica beneficiária do RETID à União, para uso privativo das Forças Armadas, exceto para uso pessoal e administrativo",,,,product,tax_pis_0,,tax_cofins_0,,4.3.13,2012-09-21,
tax_piscofins_4313_414,414,"Receita decorrente da prestação de serviços de tecnologia industrial básica, projetos, pesquisa, desenvolvimento e inovação tecnológica, assistência técnica e transferência de tecnologia por pessoa jurídica beneficiária do RETID à União, para uso privativo das Forças Armadas, exceto para uso pessoal e administrativo",,,,product,tax_pis_0,,tax_cofins_0,,4.3.13,2012-09-21,
tax_piscofins_4313_903,903,"Livros, conforme definido no art. 2o da Lei no 10.753/03",,,,product,tax_pis_0,,tax_cofins_0,,4.3.13,2011-01-01,
tax_piscofins_4313_904,904,"Preparações compostas não-alcoólicas, classificadas no código 2106.90.10 Ex 01 da TIPI, destinadas à elaboração de bebidas pelas pessoas jurídicas industriais dos produtos referidos no art. 58-A da Lei no 10.833/2003",,,,product,tax_pis_0,,tax_cofins_0,,4.3.13,2011-01-01,
tax_piscofins_4313_905,905,"Material de defesa, classificado nas posições 87.10.00.00 e 89.06.10.00 da TIPI, além de partes, peças, componentes, ferramentais, insumos, equipamentos e matérias-primas a serem empregados na sua industrialização, montagem, manutenção, modernização e conversão",,,,product,tax_pis_0,,tax_cofins_0,,4.3.13,2011-01-01,
tax_piscofins_4313_906,906,"Equipamentos de controle de produção, inclusive medidores de vazão, condutivímetros, aparelhos para controle, registro, gravação e transmissão dos quantitativos medidos, quando adquiridos por pessoas jurídicas legalmente obrigadas à sua utilização",,,,product,tax_pis_0,,tax_cofins_0,,4.3.13,2011-01-01,
tax_piscofins_4313_907,907,"Valores pagos ou creditados pelos Estados, Distrito Federal e Municípios relativos ao ICMS e ao ISS, no âmbito de programas de concessão de crédito voltados ao estímulo à solicitação de documento fiscal na aquisição de mercadorias e serviços",,,,product,tax_pis_0,,tax_cofins_0,,4.3.13,2011-01-01,
tax_piscofins_4313_908,908,Vendas de mercadorias destinadas ao consumo ou à industrialização na Zona Franca de Manaus – ZFM,,,,product,tax_pis_0,,tax_cofins_0,,4.3.13,2011-01-01,
tax_piscofins_4313_909,909,"Vendas de mercadorias destinadas ao consumo ou à industrialização nas Áreas de Livre Comércio – ALC, exceto quando tiver como destinatárias pessoas jurídicas atacadistas e varejistas, sujeitas ao regime de apuração não cumulativa da Contribuição para o PIS/Pasep e da Cofins",,,,product,tax_pis_0,,tax_cofins_0,,4.3.13,2011-01-01,
tax_piscofins_4313_910,910,"Vendas de matérias-primas, produtos intermediários e materiais de embalagem, produzidos na Zona Franca de Manaus para emprego em processo de industrialização por estabelecimentos industriais ali instalados e consoante projetos aprovados pelo SUFRAMA",,,,product,tax_pis_0,,tax_cofins_0,,4.3.13,2011-01-01,
tax_piscofins_4313_911,911,"Receitas financeiras, inclusive decorrentes de operações realizadas para fins de hedge, auferidas pelas pessoas jurídicas sujeitas ao regime de incidência não-cumulativa",,,,product,tax_pis_0,,tax_cofins_0,,4.3.13,2011-01-01,
tax_piscofins_4313_912,912,"Aquisição no mercado interno ou a importação, de forma combinada ou não, de mercadoria equivalente à empregada ou consumida na industrialização de produto exportado (Drawback Reposição de Estoque), inclusive: I – à empregada em reparo, criação, cultivo ou atividade extrativista de produto já exportado; e II – para industrialização de produto intermediário fornecido diretamente a empresa industrial-exportadora e empregado ou consumido na industrialização de produto final já exportado.",,,,product,tax_pis_0,,tax_cofins_0,,4.3.13,2011-01-01,
tax_piscofins_4313_913,913,"Projetores para exibição cinematográfica, classificados no código 9007.2 da NCM, e suas partes e acessórios, classificados no código 9007.9 da NCM",,,,product,tax_pis_0,,tax_cofins_0,,4.3.13,2011-09-30,
tax_piscofins_4313_914,914,"Receita decorrente da venda de águas minerais naturais comercializadas em recipientes com capacidade nominal inferior a 10 (dez) litros ou igual ou superior a 10 (dez) litros classificadas no código 2201.10.00 Ex 01 e Ex 02 da Tipi, aprovada pelo Decreto no 7.660, de 23 de dezembro de 2011.",22011000_01,,,product,tax_pis_0,,tax_cofins_0,,4.3.13,2012-09-18,
tax_piscofins_4313_915,915,"Concessões de geração, transmissão e distribuição de energia elétrica - Valor da indenização correspondente às parcelas dos investimentos vinculados a bens reversíveis, ainda não amortizados ou não depreciados, conforme art. 8º, § 4º, da Lº 12.783/2013.",,,,product,tax_pis_0,,tax_cofins_0,,4.3.13,2013-04-04,
tax_piscofins_4313_916,916,"Concessões de geração, transmissão e distribuição de energia elétrica - Valor da indenização correspondente às parcelas dos investimentos vinculados a bens reversíveis, ainda não amortizados ou não depreciados, conforme art. 15, § 9º, da Lei nº 12.783/2013.",,,,product,tax_pis_0,,tax_cofins_0,,4.3.13,2013-04-04,
tax_piscofins_4313_917,917,Valores efetivamente recebidos exclusivamente a título da subvenção extraordinária aos produtores fornecedores independentes de cana-de-açúcar afetados por condições climáticas adversas referentes à safra 2011/2012 na Região Nordeste.,,,,product,tax_pis_0,,tax_cofins_0,,4.3.13,2013-10-10,
tax_piscofins_4313_918,918,"Receita decorrente da venda de bebidas frias, classificadas nos códigos 2106.90.10 Ex02; 22.01 (exceto os Ex 01 e Ex 02 do código 2201.10.00); 22.02 (exceto os Ex 01, Ex 02 e Ex 03 do código 2202.90.00); e 22.02.90.00 Ex 03 e 22.03 da TIPI, quando auferida pela pessoa jurídica varejista, assim considerada, a pessoa jurídica cuja receita decorrente de venda de bens e serviços a consumidor final no ano-calendário imediatamente anterior ao da operação houver sido igual ou superior a 75% (setenta e cinco por cento) de sua receita total de venda de bens e serviços no mesmo período, depois de excluídos os impostos e contribuições incidentes sobre a venda.","21069010_02,2201",,"22011000,2202",product,tax_pis_0,,tax_cofins_0,,4.3.13,2015-05-01,
tax_piscofins_4313_919,919,"Receita auferida na venda de pneumáticos e câmaras de ar de borracha para bicicletas classificados nos códigos 4011.50.00 e 4013.20.00 da Tipi, quando efetuada por PJ fabricante que utilizar no processo de industrialização, em estabelecimentos implantados na ZFM, de acordo com o processo produtivo básico fixado em legislação específica, borracha natural produzida por extrativismo não madeireiro na Região Norte",,,,product,tax_pis_0,,tax_cofins_0,,4.3.13,2015-01-20,
tax_piscofins_4313_920,920,"Perse – Programa Emergencial de Retomado do Setor de Eventos.   - Resultado auferido pelas pessoas jurídicas de que trata o art. 2º da Lei 14.148, de 3 da maio de 2021, atualizada pelos artigos vetados pelo Presidente da República, mantido pelo Congresso Nacional e publicado na Edição Extra B do DOU de 18/3/2022.",,,,product,tax_pis_0,,tax_cofins_0,,4.3.13,2022-03-01,2027-02-01
tax_piscofins_4313_999,999,Código genérico – Operações tributáveis a alíquota zero,,,,product,tax_pis_0,,tax_cofins_0,,4.3.13,2011-01-01,
tax_piscofins_4314_101,101,"Fornecimento de mercadorias ou serviços para uso ou consumo de bordo em embarcações e aeronaves em tráfego internacional, quando o pagamento for efetuado em moeda conversível (exceto querosene de aviação)",,,,product,tax_pis_isento,,tax_cofins_isento,,4.3.14,2011-01-01,
tax_piscofins_4314_102,102,Transporte internacional de cargas ou passageiros,,,,product,tax_pis_isento,,tax_cofins_isento,,4.3.14,2011-01-01,
tax_piscofins_4314_103,103,"Receitas auferidas pelos estaleiros navais brasileiros nas atividades de construção, conservação, modernização, conversão e reparo de embarcações pré-registradas ou registradas no Registro Especial Brasileiro (REB), instituído pela Lei nº 9.432, de 8 de janeiro de 1997",,,,product,tax_pis_isento,,tax_cofins_isento,,4.3.14,2011-01-01,
tax_piscofins_4314_104,104,"Frete de mercadorias transportadas entre o País e o exterior pelas embarcações registradas no REB, de que trata o art. 11 da Lei nº 9.432, de 1997",,,,product,tax_pis_isento,,tax_cofins_isento,,4.3.14,2011-01-01,
tax_piscofins_4314_201,201,"Receitas relativas às atividades próprias dos templos de qualquer culto; partidos políticos; instituições de educação e de assistência social que preencham as condições e requisitos do art. 12 da Lei nº 9.532, de 10 de dezembro de 1997; instituições de caráter filantrópico, recreativo, cultural, científico e as associações, que preencham as condições e requisitos do art. 15 da Lei nº 9.532, de 1997; sindicatos, federações e confederações; serviços sociais autônomos, criados ou autorizados por lei; conselhos de fiscalização de profissões regulamentadas; fundações de direito privado; condomínios de proprietários de imóveis residenciais ou comerciais; e Organização das Cooperativas Brasileiras (OCB) e as Organizações Estaduais de Cooperativas previstas no art. 105 e seu § 1º da Lei nº 5.764, de 16 de dezembro de 1971.",,,,product,tax_pis_isento,,tax_cofins_isento,,4.3.14,2011-01-01,
tax_piscofins_4314_202,202,"Receitas das entidades beneficentes de assistência social com a finalidade de prestação de serviços nas áreas de assistência social, saúde ou educação, que atendam aos requisitos do art. 29 da Lei nº 12.101, de 27 de novembro de 2009.",,,,product,tax_pis_isento,,tax_cofins_isento,,4.3.14,2011-01-01,
tax_piscofins_4314_301,301,Venda de energia elétrica pela Itaipu Binacional,,,,product,tax_pis_isento,,tax_cofins_isento,,4.3.14,2011-01-01,
tax_piscofins_4314_401,401,"Importação de bens ou mercadorias para uso ou consumo exclusivo na organização e realização dos referidos eventos, promovida pela Fifa, Subsidiária Fifa no Brasil, Confederações Fifa, Associações estrangeiras membros da Fifa, Parceiros Comerciais da Fifa domiciliados no exterior, Emissora Fonte da Fifa e Prestadores de Serviço da Fifa domiciliados no exterior, ou por intermédio de pessoa jurídica por eles contratada para representá-los",,,,product,tax_pis_isento,,tax_cofins_isento,,4.3.14,2011-01-01,
tax_piscofins_4314_402,402,"Receita auferida por Subsidiária Fifa no Brasil, decorrente das atividades próprias e diretamente vinculadas à organização ou realização dos referidos eventos, exceto as receitas decorrentes da venda de ingressos e de pacotes de hospedagem.",,,,product,tax_pis_isento,,tax_cofins_isento,,4.3.14,2011-01-01,
tax_piscofins_4314_403,403,"Receita das atividades próprias, auferida pelos Prestadores de Serviços da FIFA, estabelecidos no País sob a forma de sociedade com finalidade específica para o desenvolvimento de atividades diretamente relacionadas à realização dos eventos.",,,,product,tax_pis_isento,,tax_cofins_isento,,4.3.14,2011-01-01,
tax_piscofins_4314_901,901,"Recursos recebidos a título de repasse, oriundos do Orçamento Geral da União, dos Estados, do Distrito Federal e dos Municípios, pelas empresas públicas e sociedades de economia mista",,,,product,tax_pis_isento,,tax_cofins_isento,,4.3.14,2011-01-01,
tax_piscofins_4314_902,902,"Receita da instituição privada de ensino superior, com fins lucrativos ou sem fins lucrativos não beneficente, que aderir ao Programa Universidade para Todos (Prouni), no período de vigência do termo de adesão, decorrentes da realização de atividades de ensino superior, proveniente de cursos de graduação ou cursos seqüenciais de formação específica",,,,product,tax_pis_isento,,tax_cofins_isento,,4.3.14,2011-01-01,
tax_piscofins_4314_999,999,Código genérico – Operações com Isenção,,,,product,tax_pis_isento,,tax_cofins_isento,,4.3.14,2011-01-01,
tax_piscofins_4315_101,101,Venda de querosene de aviação por pessoa jurídica não enquadrada na condição de importadora ou produtora,,,,product,tax_pis_seminc,,tax_cofins_seminc,,4.3.15,2011-01-01,
tax_piscofins_4315_102,102,"Venda de querosene de aviação por produtora ou importadora a distribuidora, quando o produto for destinado ao consumo por aeronave em tráfego internacional",,,,product,tax_pis_seminc,,tax_cofins_seminc,,4.3.15,2011-01-01,
tax_piscofins_4315_201,201,Vendas de biodiesel por pessoas não enquadradas como produtor ou importador,,,,product,tax_pis_seminc,,tax_cofins_seminc,,4.3.15,2011-01-01,
tax_piscofins_4315_301,301,"Vendas de materiais e equipamentos, bem assim da prestação de serviços decorrentes dessas operações, efetuadas diretamente a Itaipu Binacional",,,,product,tax_pis_seminc,,tax_cofins_seminc,,4.3.15,2011-01-01,
tax_piscofins_4315_401,401,Exportação de mercadorias para o exterior,,,,product,tax_pis_seminc,,tax_cofins_seminc,,4.3.15,2011-01-01,
tax_piscofins_4315_402,402,"Serviços prestados a pessoas físicas ou jurídicas residentes ou domiciliadas no exterior, cujo pagamento represente ingresso de divisas",,,,product,tax_pis_seminc,,tax_cofins_seminc,,4.3.15,2011-01-01,
tax_piscofins_4315_403,403,"Vendas, com o fim específico de exportação, a empresa comercial exportadora constituída nos termos do Decreto-Lei nº 1.248, de 29 de novembro de 1972, ou simplesmente registrada na Secretaria de Comércio Exterior (Secex) do Ministério do Desenvolvimento, Indústria e Comércio Exterior",,,,product,tax_pis_seminc,,tax_cofins_seminc,,4.3.15,2011-01-01,
tax_piscofins_4315_901,901,"Regime Cumulativo - Demais receitas não classificadas como faturamento, não enquadradas como receita bruta nos termos do art. 3º da Lei nº 9.718, de 1998",,,,product,tax_pis_seminc,,tax_cofins_seminc,,4.3.15,2011-01-01,
tax_piscofins_4315_999,999,Outras receitas sem incidência,,,,product,tax_pis_seminc,,tax_cofins_seminc,,4.3.15,2011-01-01,
tax_piscofins_4316_101,101,Vendas a pessoa jurídica preponderantemente exportadora,,,,product,tax_pis_susp,,tax_cofins_susp,,4.3.16,2011-01-01,
tax_piscofins_4316_102,102,"Vendas a fabricante de veículos e carros blindados de combate, (NCM 8710.00.00) para uso pelas forças armadas ou órgãos de segurança pública brasileiros.",87100000,,,product,tax_pis_susp,,tax_cofins_susp,,4.3.16,2011-01-01,
tax_piscofins_4316_103,103,"Aquisição no mercado interno ou a importação, de forma combinada ou não, de mercadoria para emprego ou consumo na industrialização de produto a ser exportado, por pessoa jurídica previamente habilitada pela Secretaria de Comércio Exterior (Drawback Integrado)",,,,product,tax_pis_susp,,tax_cofins_susp,,4.3.16,2011-01-01,
tax_piscofins_4316_104,104,"Aquisição no mercado interno ou à importação de mercadorias para emprego em reparo, criação, cultivo ou atividade extrativista de produto a ser exportado.",,,,product,tax_pis_susp,,tax_cofins_susp,,4.3.16,2011-01-01,
tax_piscofins_4316_105,105,"Aquisição no mercado interno ou importações de empresas denominadas fabricantes-intermediários, para industrialização de produto intermediário a ser diretamente fornecido a empresas industriais-exportadoras, para emprego ou consumo na industrialização de produto final destinado à exportação (Drawback Intermediário)",,,,product,tax_pis_susp,,tax_cofins_susp,,4.3.16,2011-01-01,
tax_piscofins_4316_106,106,"A aquisição no mercado interno ou a importação, de forma combinada ou não, de serviço direta e exclusivamente vinculado à exportação ou entrega no exterior de produto resultante da utilização do regime de que trata o art. 12 desta Lei 11.945/2009.",,,,product,tax_pis_susp,,tax_cofins_susp,,4.3.16,2023-01-01,
tax_piscofins_4316_201,201,"Insumos de origem animal, utilizados na fabricação de produtos destinados à alimentação humana ou animal, classificados na NCM capítulos 2 (exceto os códigos 02.01, 02.02, 02.03, 0206.10.00, 0206.20, 0206.21, 0206.29, 0206.30.00, 0206.4, 02.07, 0210.1), 3 (exceto os produtos vivos desse capítulo), 4, 8 a 12, 15 (exceto o código 0901.1, 1502.00.1), 16 e 23 (exceto as preparações dos tipos utilizados na alimentação de animais vivos classificados nas posições 01.03 e 01.05, classificadas no código 2309.90) e nos códigos 0504.00, 0701.90.00, 0702.00.00, 0706.10.00, 07.08, 0709.90, 07.10, 07.12 a 07.14 (exceto os códigos 0713.33.19, 0713.33.29 e 0713.33.99), 1701.11.00, 1701.99.00, 1702.90.00, 18.01, 18.03, 1804.00.00, 1805.00.00, 20.09 e 2209.00.00.",,,"0201,0202,0203,02061000,020620,020621,020629,02063000,02064,0207,02101",product,tax_pis_susp,,tax_cofins_susp,,4.3.16,2012-01-01,
tax_piscofins_4316_202,202,"Insumos de origem vegetal, utilizados na fabricação de produtos destinados à alimentação humana ou animal, classificados na NCM capítulos 2 (exceto os códigos 02.01, 02.02, 02.03, 0206.10.00, 0206.20, 0206.21, 0206.29, 0206.30.00, 0206.4, 02.07, 0210.1), 3 (exceto os produtos vivos desse capítulo), 4, 8 a 12 (exceto os produtos classificados nos códigos 12.01 e 1208.10.00), 15 (exceto o código 0901.1, 1502.00.1), 16 e 23 (exceto os produtos classificados nos códigos 2304.00 e 2309.10.00, bem como as preparações dos tipos utilizados na alimentação de animais vivos classificados nas posições 01.03 e 01.05, classificadas no código 2309.90) e nos códigos 0504.00, 0701.90.00, 0702.00.00, 0706.10.00, 07.08, 0709.90, 07.10, 07.12 a 07.14 (exceto os códigos 0713.33.19, 0713.33.29 e 0713.33.99), 1701.11.00, 1701.99.00, 1702.90.00, 18.01, 18.03, 1804.00.00, 1805.00.00, 20.09 e 2209.00.00.",,,"0201,0202,0203,02061000,020620,020621,020629,02063000,02064,0207,02101",product,tax_pis_susp,,tax_cofins_susp,,4.3.16,2013-10-10,
tax_piscofins_4316_204,204,"Venda de cerealista que exerça cumulativamente as atividades de limpar, padronizar, armazenar e comercializar os produtos in natura de origem vegetal, classificados nos códigos 09.01, 10.01 a 10.08, (exceto os dos códigos 1006.20 e 1006.30, 12.01 e 18.01) da NCM.","0901,1001,1008",,"100620,100630,1201,1801",product,tax_pis_susp,,tax_cofins_susp,,4.3.16,2011-01-01,
tax_piscofins_4316_205,205,"Venda a granel de leite in natura, efetuada por pessoa jurídica que exerça cumulativamente as atividades de transporte e resfriamento deste produto",,,,product,tax_pis_susp,,tax_cofins_susp,,4.3.16,2011-01-01,
tax_piscofins_4316_206,206,"Venda por PJ que exerça atividade agropecuária ou por cooperativa de produção agropecuária de produto in natura de origem vegetal destinado à elaboração de mercadorias classificadas no código 22.04, da NCM",2204,,,product,tax_pis_susp,,tax_cofins_susp,,4.3.16,2011-01-01,
tax_piscofins_4316_207,207,"Venda de animais vivos classificados nas posições 01.02 e 01.04 à pessoa jurídica que produza mercadorias classificadas nos códigos 02.01, 02.02, 02.04, 0206.10.00, 0206.20, 0206.21, 0206.29, 0206.80.00, 0210.20.00, 0506.90.00, 0510.00.10 e 1502.00.1 da NCM",,,,product,tax_pis_susp,,tax_cofins_susp,,4.3.16,2013-03-08,
tax_piscofins_4316_209,209,"Receita bruta da venda, no mercado interno, de: I – insumos de origem vegetal, classificados nas posições 10.01 a 10.08, exceto os dos códigos 1006.20 e 1006.30, e nas posições 12.01, 23.04 e 23.06 da Nomenclatura Comum do Mercosul (NCM), quando efetuada por pessoa jurídica, inclusive cooperativa, vendidos: a) para pessoas jurídicas que produzam mercadorias classificadas nos códigos 02.03, 0206.30.00, 0206.4, 02.07 e 0210.1 da NCM; b) para pessoas jurídicas que produzam preparações dos tipos utilizados na alimentação de animais vivos classificados nas posições 01.03 e 01.05, classificadas no código 2309.90 da NCM; e c) para pessoas físicas; II – preparações dos tipos utilizados na alimentação de animais vivos classificados nas posições 01.03 e 01.05, classificadas no código 2309.90 da NCM; III – animais vivos classificados nas posições 01.03 e 01.05 da NCM, quando efetuada por pessoa jurídica, inclusive cooperativa, vendidos para pessoas jurídicas que produzam mercadorias classificadas nos códigos 02.03, 0206.30.00, 0206.4, 02.07 e 0210.1 da NCM; IV – produtos classificados nos códigos 02.03, 0206.30.00, 0206.4, 02.07, 0210.1 e carne de frango classificada no código 0210.99.00 da NCM, quando efetuada por pessoa jurídica que revenda tais produtos, ou que industrialize bens e produtos classificados nas posições 01.03 e 01.05 da NCM",,,,product,tax_pis_susp,,tax_cofins_susp,,4.3.16,2011-06-27,
tax_piscofins_4316_211,211,"Receitas decorrentes da venda de matéria-prima in natura de origem vegetal, destinada à produção de biodiesel, quando efetuada por pessoa jurídica que exerça atividade agropecuária, de cooperativa de produção agropecuária ou de cerealista que exerça cumulativamente as atividades de limpar, padronizar, armazenar e comercializar a matéria-prima destinada à produção de biodiesel.",,,,product,tax_pis_susp,,tax_cofins_susp,,4.3.16,,
tax_piscofins_4316_212,212,"Receitas decorrentes da venda dos produtos classificados no código 0805.10.00 da TIPI, quando utilizados na industrialização dos produtos classificados no código 2009.1 da TIPI, e estes forem destinados à exportação.",,,,product,tax_pis_susp,,tax_cofins_susp,,4.3.16,2013-01-01,
tax_piscofins_4316_213,213,Soja classificada na posição 12.01 e dos produtos classificados nos códigos 1208.10.00 e 2304.00 da TIPI,"1201,12081000,230400",,,product,tax_pis_susp,,tax_cofins_susp,,4.3.16,2013-10-10,
tax_piscofins_4316_301,301,"REPES - Regime Especial de Tributação para a Plataforma de Exportação de Serviços de Tecnologia da Informação. - Venda e/ou importação de bens novos destinados ao desenvolvimento, no País, de software e de serviços de tecnologia da informação, para incorporação ao seu ativo imobilizado; - Venda e/ou importação de serviços destinados ao desenvolvimento, no País, de software e de serviços de tecnologia da informação e serviços",,,,product,tax_pis_susp,,tax_cofins_susp,,4.3.16,2011-01-01,
tax_piscofins_4316_302,302,"RECAP - Regime Especial de Aquisição de Bens de Capital para Empresas Exportadoras. - Venda e/ou importação de máquinas, aparelhos, instrumentos e equipamentos, para incorporação em seu ativo imobilizado",,,,product,tax_pis_susp,,tax_cofins_susp,,4.3.16,2011-01-01,
tax_piscofins_4316_303,303,"REIDI - Regime Especial de Incentivos para o Desenvolvimento da Infra-Estrutura. - Venda e/ou importação de máquinas, aparelhos, instrumentos e equipamentos, novos, de materiais de construção e de serviços para utilização ou incorporação em obras de infra-estrutura destinadas ao ativo imobilizado  - Receitas de aluguel de máquinas, aparelhos, instrumentos e equipamentos para utilização em obras de infra-estrutura quando contratado por pessoa jurídica beneficiária do REIDI",,,,product,tax_pis_susp,,tax_cofins_susp,,4.3.16,2011-01-01,
tax_piscofins_4316_304,304,"REPENEC - Regime Especial de Incentivos para o Desenvolvimento de Infraestrutura da Indústria Petrolífera nas Regiões Norte, Nordeste e Centro-Oeste. - Venda/Importação de máquinas, aparelhos, instrumentos e equipamentos, novos, e de materiais de construção, bem como serviços para utilização ou incorporação nas obras de infraestrutura nas Regiões Norte, Nordeste e Centro-Oeste, nos setores petroquímico, de refino de petróleo e de produção de amônia e uréia a partir do gás natural, para incorporação ao seu ativo imobilizado.",,,,product,tax_pis_susp,,tax_cofins_susp,,4.3.16,2011-01-01,
tax_piscofins_4316_305,305,"REPORTO - Regime Tributário para Incentivo à Modernização e à Ampliação da Estrutura Portuária. - Vendas de locomotivas, locotratores, tênderes e vagões, e de trilhos e demais elementos de vias férreas, para utilização na execução de serviços de transporte de mercadorias em ferrovias  - Venda/Importação de máquinas, equipamentos, peças de reposição e outros bens, destinados ao seu ativo imobilizado para utilização exclusiva em portos na execução de serviços de carga, descarga e movimentação de mercadorias e produtos, de sistemas suplementares de apoio operacional, de proteção ambiental, de sistemas de segurança e de monitoramento de fluxo de pessoas, mercadorias, produtos, veículos e embarcações, de dragagens e de treinamento e formação de trabalhadores, inclusive na implantação de Centros de Treinamento Profissional",,,,product,tax_pis_susp,,tax_cofins_susp,,4.3.16,2012-04-04,
tax_piscofins_4316_306,306,RECOMPE - Regime Especial de Aquisição de Computadores para Uso Educacional. Prestação de serviços e venda de matérias-primas e produtos intermediários destinados à industrialização dos equipamentos destinados ao PROUCA (Programa Um Computador por Aluno),,,,product,tax_pis_susp,,tax_cofins_susp,,4.3.16,2011-01-01,
tax_piscofins_4316_307,307,"RETAERO - Regime Especial para a Indústria Aeronáutica Brasileira. - Partes, peças, ferramentais, componentes, equipamentos, sistemas, subsistemas, insumos e matérias-primas, ou serviços a serem empregados na manutenção, conservação, modernização, reparo, revisão, conversão e industrialização das aeronaves classificadas na posição 88.02 da NCM. - Venda ou importação de serviços de tecnologia industrial básica, desenvolvimento e inovação tecnológica, assistência técnica e transferência de tecnologia destinados a empresas beneficiárias",,,,product,tax_pis_susp,,tax_cofins_susp,,4.3.16,2011-01-01,
tax_piscofins_4316_308,308,"RECOPA - Regime Especial de Tributação para Construção, Ampliação, Reforma ou Modernização de Estádios de Futebol. - Venda no mercado interno ou importação de máquinas, aparelhos, instrumentos e equipamentos, novos, materiais de construção, prestação de serviços, locação de máquinas, aparelhos, instrumentos e equipamentos para utilização ou incorporação nas obras de construção, ampliação, reforma ou modernização dos estádios de futebol com utilização prevista nas partidas oficiais da Copa das Confederações FIFA 2013 e da Copa do Mundo FIFA 2014",,,,product,tax_pis_susp,,tax_cofins_susp,,4.3.16,2011-01-01,
tax_piscofins_4316_309,309,"ZFM – Zona Franca de Manaus. - Importação de bens a serem empregados na elaboração de matérias-primas, produtos intermediários e materiais de embalagem destinados a emprego em processo de industrialização por estabelecimentos industriais instalados na ZFM. - Importação de matérias-primas, produtos intermediários e materiais de embalagem para emprego em processo de industrialização por estabelecimentos industriais instalados na ZFM.",,,,product,tax_pis_susp,,tax_cofins_susp,,4.3.16,2011-01-01,
tax_piscofins_4316_310,310,ZPE – Zonas de Processamento de Exportação. - Importações ou aquisições no mercado interno de bens e serviços por empresa autorizada a operar em ZPE.,,,,product,tax_pis_susp,,tax_cofins_susp,,4.3.16,2011-01-01,
tax_piscofins_4316_311,311,"Vendas realizadas no mercado interno para a Fifa, para Subsidiária Fifa no Brasil ou para a Emissora Fonte da Fifa, de mercadorias destinadas a uso ou consumo exclusivo na organização e realização da Copa das Confederações Fifa 2013 e da Copa do Mundo Fifa 2014.",,,,product,tax_pis_susp,,tax_cofins_susp,,4.3.16,2011-01-01,
tax_piscofins_4316_312,312,"RECOF -  Regime de Entreposto Industrial sob Controle Aduaneiro Informatizado Importação, com ou sem cobertura cambial, e com suspensão do pagamento de tributos, sob controle aduaneiro informatizado, de mercadorias que, depois de submetidas a operação de industrialização, sejam destinadas a exportação",,,,product,tax_pis_susp,,tax_cofins_susp,,4.3.16,2011-01-01,
tax_piscofins_4316_313,313,"RECOM - Regime Aduaneiro Especial de Importação de Insumos Destinados a Industrialização por Encomenda de Produtos Classificados nas Posições 8701 A 8705 da NCM Importação de insumos (chassis, carroçarias, peças, partes, componentes e acessórios), sem cobertura cambial, destinados a industrialização por encomenda de produtos classificados nas posições 8701 a 8705 da NCM",,,,product,tax_pis_susp,,tax_cofins_susp,,4.3.16,2011-01-01,
tax_piscofins_4316_314,314,"RECINE - Regime Especial de Tributação para Desenvolvimento da Atividade de Exibição Cinematográfica. Venda no mercado interno ou importação de máquinas, aparelhos, instrumentos e equipamentos, novos, para incorporação no ativo imobilizado e utilização em complexos de exibição ou cinemas itinerantes, bem como de materiais para sua construção",,,,product,tax_pis_susp,,tax_cofins_susp,,4.3.16,2012-03-26,
tax_piscofins_4316_317,317,"RETID - Regime Especial Tributário para a Indústria de Defesa Venda de bens de defesa nacional, quando a aquisição for efetuada por pessoa jurídica beneficiária do Retid Venda ou importação de serviços de tecnologia industrial básica, projetos, pesquisa, desenvolvimento e inovação tecnológica, assistência técnica e transferência de tecnologia, destinados a empresas beneficiárias do Retid",,,,product,tax_pis_susp,,tax_cofins_susp,,4.3.16,2011-09-30,
tax_piscofins_4316_318,318,"REIF - Regime Especial de Incentivo ao Desenvolvimento da Infraestrutura da Indústria de Fertilizantes Venda no mercado interno ou de importação de serviços, máquinas, aparelhos, instrumentos e equipamentos, novos, e de materiais de construção para utilização ou incorporação no projeto aprovado para implantação ou ampliação de infraestrutura para produção de fertilizantes e de seus insumos, para incorporação ao seu ativo imobilizado, bem como a receita decorrente da locação de máquinas, aparelhos, instrumentos e equipamentos a pessoa jurídica beneficiária do REIF, para utilização na execução do projeto",,,,product,tax_pis_susp,,tax_cofins_susp,,4.3.16,2012-09-21,
tax_piscofins_4316_320,320,"REPETRO-Industrialização Venda no mercado interno de matérias-primas, produtos intermediários e materiais de embalagem para serem utilizados integralmente no processo de industrialização de produto final destinado às atividades de exploração, de desenvolvimento e de produção de petróleo, de gás natural e de outros hidrocarbonetos fluidos à PJ habilitada no Repetro-Industrialização.",,,,product,tax_pis_susp,,tax_cofins_susp,,4.3.16,2019-07-19,
tax_piscofins_4316_321,321,"REPETRO-SPED Venda dos produtos finais destinados às atividades de exploração, de desenvolvimento e de produção de petróleo, de gás natural e de outros hidrocarbonetos fluidos previstas na Lei nº 9.478, de 6 de agosto de 1997 , na Lei nº 12.276, de 30 de junho de 2010, e na Lei nº 12.351, de 22 de dezembro de 2010, por fabricantes desses, beneficiários do Repetro-Industrialização, quando diretamente adquiridos por pessoa jurídica habilitada no Repetro ou no Repetro-Sped.",,,,product,tax_pis_susp,,tax_cofins_susp,,4.3.16,2019-07-19,
tax_piscofins_4316_401,401,"Receitas de Fretes e de transporte multimodal, contratadas por pessoa jurídica preponderantemente exportadora, para transporte no mercado interno de produtos com suspensão ou destinados a Exportação.",,,,product,tax_pis_susp,,tax_cofins_susp,,4.3.16,2011-01-01,
tax_piscofins_4316_402,402,"Venda de cana-de-açúcar, classificada na posição 12.12 da Nomenclatura Comum do Mercosul – NCM, efetuada para pessoa jurídica produtora de álcool, inclusive para fins carburantes, tributada no regime de não cumulatividade.",,,,product,tax_pis_susp,,tax_cofins_susp,,4.3.16,2011-01-01,
tax_piscofins_4316_403,403,"Venda de óleo combustível, tipo bunker, MF - Marine Fuel, classificado no código 2710.19.22, óleo combustível, tipo bunker, MGO - Marine Gás Oil, classificado no código 2710.19.21 e óleo combustível, tipo bunker, ODM - Óleo Diesel Marítimo, classificado no código 2710.19.21, quando destinados à navegação de cabotagem e de apoio portuário e marítimo, para a pessoa jurídica previamente habilitada",,,,product,tax_pis_susp,,tax_cofins_susp,,4.3.16,2011-01-01,
tax_piscofins_4316_404,404,"Acetona classificada no código 2914.11.00 da Tabela de Incidência do Imposto sobre Produtos Industrializados – Tipi, destinada à produção de monoisopropilamina (Mipa) utilizada na elaboração de defensivos agropecuários classificados na posição 38.08 da Tipi",,,,product,tax_pis_susp,,tax_cofins_susp,,4.3.16,2011-01-01,
tax_piscofins_4316_405,405,"Desperdícios, resíduos ou aparas de plástico, de papel ou cartão, de vidro, de ferro ou aço, de cobre, de níquel, de alumínio, de chumbo, de zinco e de estanho, e demais desperdícios e resíduos metálicos do Capítulo 81 da Tipi, quando vendidos para pessoa jurídica que apure o imposto de renda com base no lucro real.","3915,4707,7001,7204,7404,7503,7602,7802,7902,8002,81019700,81029700,81033000,81042000,81043000,81053000,81060090,81073000,81083000,81093000,81102000,81110090,81121300,81122200,81125200,81129200,81130090",,,product,tax_pis_susp,,tax_cofins_susp,,4.3.16,2011-01-01,
tax_piscofins_4316_406,406,"Venda de produtos à pessoa jurídica sediada no exterior, com contrato de entrega no território nacional, de insumos destinados à industrialização, por conta e ordem da encomendante sediada no exterior, de máquinas e veículos classificados nas posições 87.01 a 87.05 da TIPI",,,,product,tax_pis_susp,,tax_cofins_susp,,4.3.16,2011-01-01,
tax_piscofins_4316_407,407,"Vendas a empresa sediada no exterior, para entrega em território nacional, de material de embalagem a ser totalmente utilizados no acondicionamento de mercadoria destinada à exportação para o exterior",,,,product,tax_pis_susp,,tax_cofins_susp,,4.3.16,2011-01-01,
tax_piscofins_4316_408,408,"Venda de máquinas e equipamentos classificados na posição 84.39, utilizados na fabricação de papéis destinados à impressão de jornais ou de papéis classificados nos códigos 4801.00.10, 4801.00.90, 4802.61.91, 4802.61.99, 4810.19.39 e 4810.22.90, todos da Tipi, destinados à impressão de periódicos, quando os referidos bens forem adquiridos por pessoa jurídica industrial para incorporação ao seu ativo imobilizado",,,,product,tax_pis_susp,,tax_cofins_susp,,4.3.16,2011-01-01,
tax_piscofins_4316_901,901,"Doações em espécie recebidas por instituições financeiras públicas controladas pela União e destinadas a ações de prevenção, monitoramento e combate ao desmatamento, inclusive programas de remuneração por serviços ambientais, e de promoção da conservação e do uso sustentável dos biomas brasileiros, na forma estabelecida pelo Decreto nº 6.565, de 15 de setembro de 2008",,,,product,tax_pis_susp,,tax_cofins_susp,,4.3.16,2011-01-01,
tax_piscofins_4316_999,999,Outras operações com suspensão,,,,product,tax_pis_susp,,tax_cofins_susp,,4.3.16,2011-01-01,
tax_piscofins_4317_101,101,"Papel imune a impostos de que trata o art. 150, inciso VI, alínea d, da Constituição da República, quando destinados à impressão de periódicos",,,,product,tax_pis_aliqdif_0_80_cred_0_80,,tax_cofins_aliqdif_3_20_cred_3_20,,4.3.17,2011-01-01,
tax_piscofins_4317_201,201,"Venda de produção própria por PJ industrial estabelecida na ZFM, para: - PJ estabelecida na ZFM; - PJ fora da ZFM desde que esta apure as contribuições no regime da não cumulatividade",,,,product,tax_pis_aliqdif_0_65_cred_1_00,,tax_cofins_aliqdif_3_00_cred_4_60,,4.3.17,2011-01-01,
tax_piscofins_4317_202,202,"Venda de produção própria, por PJ industrial estabelecida na ZFM, para PJ estabelecida fora da ZFM:  - que apura o imposto de renda com base no lucro real e que tenha sua receita, total ou parcialmente, excluída do regime de incidência não-cumulativa",,,,product,tax_pis_aliqdif_1_30_cred_1_65,,tax_cofins_aliqdif_6_00_cred_7_60,,4.3.17,2011-01-01,
tax_piscofins_4317_203,203,"Venda de produção própria, por PJ industrial estabelecida na ZFM, para PJ estabelecida fora da ZFM:  - que apure o importo de renda com base no lucro presumido - que seja optante do SIMPLES - órgãos da administração federal, estadual, distrital e municipal.",,,,product,,,,,4.3.17,2011-01-01,
tax_piscofins_4317_204,204,"Venda de produção própria por pessoa jurídica industrial estabelecida nas Áreas de Livre Comércio de que tratam as Leis nos 7.965, de 22 de dezembro de 1989, 8.210, de 19 de julho de 1991, e 8.256, de 25 de novembro de 1991, o art. 11 da Lei no 8.387, de 30 de dezembro de 1991, e a Lei no 8.857, de 8 de março de 1994, para: - PJ estabelecida nas respectivas ALCs; - PJ fora da respectiva ALC desde que esta apure as contribuições no regime da não cumulatividade",,,,product,tax_pis_aliqdif_0_65_cred_1_00,,tax_cofins_aliqdif_3_00_cred_4_60,,4.3.17,2011-01-01,
tax_piscofins_4317_205,205,"Revenda por pessoa jurídica comercial estabelecida nas Áreas de Livre Comércio de que tratam as Leis nos 7.965, de 22 de dezembro de 1989, 8.210, de 19 de julho de 1991, e 8.256, de 25 de novembro de 1991, o art. 11 da Lei no 8.387, de 30 de dezembro de 1991, e a Lei no 8.857, de 8 de março de 1994, para: - PJ estabelecida nas respectivas ALCs; - PJ fora da respectiva ALC desde que esta apure as contribuições no regime da não cumulatividade",,,,product,tax_pis_aliqdif_0_65_cred_0_65,,tax_cofins_aliqdif_3_00_cred_3_00,,4.3.17,2011-01-01,
tax_piscofins_4317_206,206,"Venda de produção própria por pessoa jurídica industrial estabelecida nas Áreas de Livre Comércio de que tratam as Leis nos 7.965, de 22 de dezembro de 1989, 8.210, de 19 de julho de 1991, e 8.256, de 25 de novembro de 1991, o art. 11 da Lei no 8.387, de 30 de dezembro de 1991, e a Lei no 8.857, de 8 de março de 1994, para PJ estabelecida fora das respectivas ALCs que apure o importo de renda com base no lucro real e que tenha sua receita, total ou parcialmente, excluída do regime de incidência não-cumulativa",,,,product,tax_pis_aliqdif_1_30_cred_1_65,,tax_cofins_aliqdif_6_00_cred_7_60,,4.3.17,2011-01-01,
tax_piscofins_4317_207,207,"Venda de produção própria por pessoa jurídica industrial estabelecida nas Áreas de Livre Comércio de que tratam as Leis nos 7.965, de 22 de dezembro de 1989, 8.210, de 19 de julho de 1991, e 8.256, de 25 de novembro de 1991, o art. 11 da Lei no 8.387, de 30 de dezembro de 1991, e a Lei no 8.857, de 8 de março de 1994, para PJ estabelecida fora das respectivas ALCs:  - que apure o importo de renda com base no lucro presumido - que seja optante do SIMPLES - órgãos da administração federal, estadual, distrital e municipal",,,,product,,,,,4.3.17,2011-01-01,
tax_piscofins_4317_208,208,"Revenda por pessoa jurídica comercial estabelecida nas Áreas de Livre Comércio de que tratam as Leis nos 7.965, de 22 de dezembro de 1989, 8.210, de 19 de julho de 1991, e 8.256, de 25 de novembro de 1991, o art. 11 da Lei no 8.387, de 30 de dezembro de 1991, e a Lei no 8.857, de 8 de março de 1994, para PJ estabelecida fora das respectivas ALCs que apure o importo de renda com base no lucro real e que tenha sua receita, total ou parcialmente, excluída do regime de incidência não-cumulativa",,,,product,tax_pis_aliqdif_1_30_cred_0_65,,tax_cofins_aliqdif_6_00_cred_3_00,,4.3.17,2011-01-01,
tax_piscofins_4317_209,209,"Revenda por pessoa jurídica comercial estabelecida nas Áreas de Livre Comércio de que tratam as Leis nos 7.965, de 22 de dezembro de 1989, 8.210, de 19 de julho de 1991, e 8.256, de 25 de novembro de 1991, o art. 11 da Lei no 8.387, de 30 de dezembro de 1991, e a Lei no 8.857, de 8 de março de 1994, para PJ estabelecida fora das respectivas ALCs:  - que apure o importo de renda com base no lucro presumido - que seja optante do SIMPLES - órgãos da administração federal, estadual, distrital e municipal",,,,product,,,,,4.3.17,2011-01-01,
tax_piscofins_4317_251,251,"Devolução de venda de produção própria de pessoa jurídica industrial estabelecida na ZFM ou nas Áreas de Livre Comércio, bem como de venda de pessoa jurídica comercial estabelecida nas Áreas de Livre Comércio, tributada na operação de venda às alíquotas de 0,65% para o PIS/Pasep e de 3% para a Cofins.",,,,product,,,,,4.3.17,2011-01-01,
tax_piscofins_4317_252,252,"Devolução de venda de produção própria de pessoa jurídica industrial estabelecida na ZFM ou nas Áreas de Livre Comércio, ou de venda de pessoa jurídica comercial estabelecida nas Áreas de Livre Comércio, tributada na operação de venda às alíquotas de 1,3% para o PIS/Pasep e de 6% para a Cofins.",,,,product,,,,,4.3.17,2011-01-01,
tax_piscofins_4317_253,253,"Venda de tablets PC (conforme especificações do art. 28 da Lei nº 11.196/2005) classificados na subposição 8471.41 da Tipi produzidos por pessoa jurídica estabelecida na Zona Franca de Manaus, para: - Pessoa jurídica estabelecida na ZFM; - Pessoa jurídica fora da ZFM desde que esta apure as contribuições exclusivamente no regime da não cumulatividade.",,,,product,,,,,4.3.17,2011-10-13,
tax_piscofins_4317_254,254,"Venda de tablets PC (conforme especificações do art. 28 da Lei nº 11.196/2005) classificados na subposição 8471.41 da Tipi produzidos por pessoa jurídica estabelecida na Zona Franca de Manaus, para: - Pessoa jurídica estabelecida fora da ZFM, e que apure o imposto de renda com base no lucro real e que tenha sua receita, total ou parcialmente, excluída do regime de incidência não-cumulativa (empresa sujeitas aos dois regimes de apuração).",,,,product,,,,,4.3.17,2011-10-13,
tax_piscofins_4317_301,301,"Receita bruta auferida pela pessoa jurídica executora da encomenda de produtos monofásicos: - gasolinas, exceto gasolina de aviação, óleo diesel e gás liquefeito de petróleo - GLP derivado de petróleo e de gás natural - máquinas e veículos classificados nos códigos 84.29, 8432.40.00, 84.32.80.00, 8433.20, 8433.30.00, 8433.40.00, 8433.5, 87.01, 87.02, 87.03, 87.04, 87.05 e 87.06 - Autopeças relacionadas nos Anexos I e II -da Lei no 10.485, de 2002 - Produtos classificados nas posições 40.11 (pneus novos de borracha) e 40.13 (câmaras-de-ar de borracha) - Querosene de aviação - Bebidas frias do art. 58-A, da Lei nº 10.833, de 2003",,,,product,,,,,4.3.17,2011-01-01,
tax_piscofins_4317_901,901,"Transporte de Cargas – Contratação de prestador pessoa física ou PJ transportadora, optante pelo SIMPLES",,,,product,,,,,4.3.17,2011-01-01,
tax_piscofins_4317_903,903,"Créditos originários da importação de bens em geral - Art. 8º e 15 da Lei nº 10.865/2004 (Alíquotas majoradas conforme MP nº 668/2015, convertida na Lei nº 13.137/2015).",,,,product,,,,,4.3.17,2015-05-01,
tax_piscofins_4317_904,904,"Créditos originários da importação de produtos farmacêuticos - Art. 8º, § 1º e art. 17 da Lei nº 10.865/2004 (Alíquotas majoradas conforme MP nº 668/2015, convertida na Lei nº 13.137/2015).",,,,product,,,,,4.3.17,2015-05-01,
tax_piscofins_4317_905,905,"Créditos originários da importação de produtos de perfumaria, de toucador e de higiene pessoal - Art. 8º, § 2º e  art. 17 da Lei nº 10.865/2004 (Alíquotas majoradas conforme MP nº 668/2015, convertida na Lei nº 13.137/2015).",,,,product,,,,,4.3.17,2015-05-01,
tax_piscofins_4317_906,906,"Créditos originários da importação de máquinas e veículos - Art. 8º, § 3º e art. 17 da Lei nº 10.865/2004 (Alíquotas majoradas conforme MP nº 668/2015, convertida na Lei nº 13.137/2015).",,,,product,,,,,4.3.17,2015-05-01,
tax_piscofins_4317_907,907,"Créditos originários da importação de pneus novos e câmaras-de-ar, de borracha - Art. 8º, § 5º e art. 17 da Lei nº 10.865/2004 (Alíquotas majoradas conforme Lei nº 13.137/2015).",,,,product,,,,,4.3.17,2015-06-22,
tax_piscofins_4317_908,908,"Créditos originários da importação de autopeças (exceto por fabricantes de máquinas e veículos)- Art. 8º, § 9ºA e art. 17 da Lei nº 10.865/2004 (Alíquotas majoradas conforme Lei nº 13.137/2015).",,,,product,,,,,4.3.17,2015-09-01,
tax_piscofins_4317_909,909,"Créditos originários da importação de papel imune a impostos - Art. 8º, § 10 e art. 17 da Lei nº 10.865/2004 (Alíquotas majoradas conforme Lei nº 13.137/2015).",,,,product,,,,,4.3.17,2015-06-22,
tax_piscofins_4317_911,911,"Crédito na aquisição de bebidas frias, tributadas de acordo com a Lei nº 13.097/2015, adquirida de pessoa jurídica optante do Simples Nacional",,,,product,,,,,4.3.17,2015-05-01,
tax_piscofins_4317_913,913,"Receita financeira, inclusive as decorrentes de operações de hedge, auferida pelas pessoas jurídicas sujeitas ao regime de apuração não-cumulativa do PIS/Pasep e da Cofins",,,,product,,,,,4.3.17,2015-07-01,
tax_piscofins_4317_914,914,"Créditos decorrentes importação dos produtos de que trata o art. 14, incisos I, II eIII, da Lei nº 13097/15 (bebidas frias).  Volume de embalagem até 500 ml","21069010_02,2201",,"22011000,2202",product,,,,,4.3.17,2018-01-01,
tax_piscofins_4317_915,915,"Créditos decorrentes importação dos produtos de que trata o art. 14, incisos I, II e III, da Lei nº 13097/15 (bebidas frias). Volume de embalagem acima de 500 ml","21069010_02,2201",,"22011000,2202",product,,,,,4.3.17,2018-01-01,
tax_piscofins_4317_916,916,"Créditos decorrentes importação dos produtos de que trata o art. 14, inciso IV, da Lei nº 13097/15 (bebidas frias). Volume de embalagem até 400 ml",2203,,,product,,,,,4.3.17,2018-01-01,
tax_piscofins_4317_917,917,"Créditos decorrentes importação dos produtos de que trata o art. 14, inciso IV, da Lei nº 13097/15 (bebidas frias). Volume de embalagem acima de 400 ml",2203,,,product,,,,,4.3.17,2018-01-01,
tax_piscofins_4317_999,999,Demais produtos e operações sujeitos a alíquotas diferenciadas,,,,product,,,,,4.3.17,2011-01-01,
