id,code,name,operation_type,operation_location,supply_characteristic,supply_location
operation_indicator_010101,010101,Bem Móvel Material,Bem Móvel Material,Local da entrega ou disponibilização do bem ao destinatário,"Presencial, com retirada no estabelecimento",Estabelecimento do fornecedor
operation_indicator_010102,010102,Bem Móvel Material,Bem Móvel Material,Local da entrega ou disponibilização do bem ao destinatário,"Presencial, com retirada fora do estabelecimento",Local da venda e retirada
operation_indicator_010103,010103,Bem Móvel Material,Bem Móvel Material,Local da entrega ou disponibilização do bem ao destinatário,"Não presencial, com entrega em endereço fornecido",Endereço do destinatário fornecido para entrega (assim considerado o o destino final indicado pelo adquirente)
operation_indicator_010104,010104,Bem Móvel Material,Bem Móvel Material,Local da entrega ou disponibilização do bem ao destinatário,Licitação promovida pelo poder público de bem apreendido ou abandonado ou leilao judicial,Local onde se encontra o bem móvel material (Local da retirada)
operation_indicator_010105,010105,Bem Móvel Material,Bem Móvel Material,Local da entrega ou disponibilização do bem ao destinatário,Constatação de irregularidade pela falta de documentação fiscal ou pelo acobertamento por documentação inidôneo,Local onde se encontra o bem móvel material (Local da retirada)
operation_indicator_010201,010201,Aquisição de veículo automotor,"Aquisição de veículo automotor terrestre, aquático ou aéreo",Local do domicílio principal do destinatário,Entrega ou disponibilização,Domicílio principal do destinatário
operation_indicator_020101,020101,Operação com bem imóvel,"Operação com bem imóvel, bem imaterial, inclusive direito, relacionada a bem imóvel",Local onde o imóvel estiver situado,"Execução de operações com bem imóvel, bem imaterial, inclusive direito, relacionado a bem imóvel",Localidade do imóvel
operation_indicator_020201,020201,Serviço prestado sobre bem imóvel,Serviço prestado fisicamente sobre bem imóvel,Local onde o imóvel estiver situado,Execução de serviços sobre bem imóvel,Localidade do imóvel
operation_indicator_020301,020301,Serviço de administração de bem imóvel,Serviço de administração e intermediação de bem imóvel,Local onde o imóvel estiver situado,Execução de serviços sobre bem imóvel,Localidade do imóvel
operation_indicator_030101,030101,Serviço prestado sobre pessoa,Serviço prestado fisicamente sobre a pessoa ou fruído presencialmente por pessoa física,Local da prestação do serviço,Execução de serviços diversos exclusivamente prestados fisicamente sobre a pessoa ou integralmente fruídos presencialmente por pessoa física,Estabelecimento do fornecedor
operation_indicator_030102,030102,Serviço prestado sobre pessoa,Serviço prestado fisicamente sobre a pessoa ou fruído presencialmente por pessoa física,Local da prestação do serviço,Execução de serviços diversos exclusivamente prestados fisicamente sobre a pessoa ou integralmente fruídos presencialmente por pessoa física,Endereço do adquirente
operation_indicator_030103,030103,Serviço prestado sobre pessoa,Serviço prestado fisicamente sobre a pessoa ou fruído presencialmente por pessoa física,Local da prestação do serviço,Execução de serviços diversos exclusivamente prestados fisicamente sobre a pessoa ou integralmente fruídos presencialmente por pessoa física,Endereço do destinatário
operation_indicator_030104,030104,Serviço prestado sobre pessoa,Serviço prestado fisicamente sobre a pessoa ou fruído presencialmente por pessoa física,Local da prestação do serviço,Execução de serviços diversos exclusivamente prestados fisicamente sobre a pessoa ou integralmente fruídos presencialmente por pessoa física,"Endereço diverso do fornecedor, adquirente ou destinatário"
operation_indicator_040101,040101,Serviço de planejamento de eventos,"Serviço de planejamento, organização e administração de feiras, exposições, congressos, espetáculos, exibições e congêneres",Local do evento a que se refere o serviço,"Execução de serviços de planejamento, organização e administração de feiras, exposições, congressos, espetáculos, exibições e congêneres",Local do Evento
operation_indicator_050101,050101,Serviço prestado sobre bem móvel,Serviço prestado fisicamente sobre bem móvel material,Local da prestação do serviço,Execução de serviços diversos fisicamente prestados sobre bem móvel material,Estabelecimento do fornecedor
operation_indicator_050102,050102,Serviço prestado sobre bem móvel,Serviço prestado fisicamente sobre bem móvel material,Local da prestação do serviço,Execução de serviços diversos fisicamente prestados sobre bem móvel material,Endereço do adquirente
operation_indicator_050103,050103,Serviço prestado sobre bem móvel,Serviço prestado fisicamente sobre bem móvel material,Local da prestação do serviço,Execução de serviços diversos fisicamente prestados sobre bem móvel material,Endereço do destinatário
operation_indicator_050104,050104,Serviço prestado sobre bem móvel,Serviço prestado fisicamente sobre bem móvel material,Local da prestação do serviço,Execução de serviços diversos fisicamente prestados sobre bem móvel material,"Endereço diverso do fornecedor, adquirente ou destinatário"
operation_indicator_050201,050201,Serviços portuários,Serviços portuários,Local da prestação do serviço,Execução de serviços portuários,Local da prestação
operation_indicator_060101,060101,Serviço de transporte de passageiros,Serviço de transporte de passageiros,Local da prestação do serviço,Execução de serviços de transporte de passageiros,Local de início do transporte
operation_indicator_070101,070101,Serviço de transporte de carga,Serviço de transporte de carga,Local da prestação do serviço,Execução de serviços de transporte de carga,Endereço fornecido para entrega
operation_indicator_070102,070102,Serviço de transporte de carga,Serviço de transporte de carga,Local da prestação do serviço,Execução de serviços de transporte de carga,Local da retirada
operation_indicator_080101,080101,Serviço de exploração de via,Serviço de exploração de via,"Território de cada Município e Estado, ou do Distrito Federal, proporcionalmente à correspondente extensão da via explorada",Execução de serviços de exploração de via,"Local da prestação, correspondente à extensão da via explorada e proporcional ao território dos entes tributantes"
operation_indicator_090101,090101,Serviço de telefonia fixa,"Serviço de telefonia fixa e demais serviços de comunicação prestados por meio de cabos, fios, fibras e meios similares",Local de instalação do terminal,"Execução de serviços de telefonia fixa e demais serviços de comunicação prestados por meio de cabos, fios, fibras e meios similares",Local de instalação do terminal
operation_indicator_090102,090102,Serviço de telefonia fixa,"Serviço de telefonia fixa e demais serviços de comunicação prestados por meio de cabos, fios, fibras e meios similares",Local de instalação do terminal,"Execução de serviços de telefonia fixa e demais serviços de comunicação prestados por meio de cabos, fios, fibras e meios similares","Local do o domicílio principal do adquirente, nas aquisições realizadas de forma centralizada por contribuinte sujeito ao regime regular do IBS e da CBS que possui mais de um estabelecimento e que não estejam sujeitas a vedação à apropriação de créditos"
operation_indicator_100101,100101,Cessão de espaço publicitário onerosa,"Cessão de espaço para prestação de serviços publicitários, em operações onerosas","Local do domicílio principal do adquirente, nas operações onerosas",Execução de operações de cessão de espaço para prestação de serviços publicitários,Local do domicílio principal do adquirente
operation_indicator_100102,100102,Cessão de espaço publicitário onerosa,"Cessão de espaço para prestação de serviços publicitários, em operações onerosas","Local do domicílio principal do adquirente, nas operações onerosas",Execução de operações de cessão de espaço para prestação de serviços publicitários,"Local do domicílio do destinatário, nos casos de adquirente residente ou domiciliado no exterior"
operation_indicator_100201,100201,Cessão de espaço publicitário não onerosa,"Cessão de espaço para prestação de serviços publicitários, em operações não onerosas","Local do domicílio principal do destinatário, nas operações não onerosas.",Execução de operações de cessão de espaço para prestação de serviços publicitários,Local do domicílio principal do destinatário (6)
operation_indicator_100301,100301,Demais serviços onerosos,"Demais serviços, em operações onerosas","Local do domicílio principal do adquirente, nas operações onerosas","Execução dos demais serviços em operações não especificadas anteriormente ou, nos serviços de que trata o inc. III, estes sejam, ainda que parcialmente, prestados à distância",Local do domicílio principal do adquirente
operation_indicator_100302,100302,Demais serviços onerosos,"Demais serviços, em operações onerosas","Local do domicílio principal do adquirente, nas operações onerosas","Execução dos demais serviços em operações não especificadas anteriormente ou, nos serviços de que trata o inc. III, estes sejam, ainda que parcialmente, prestados à distância","Local do domicílio do destinatário, nos casos de adquirente residente ou domiciliado no exterior"
operation_indicator_100401,100401,Demais serviços não onerosos,"Demais serviços, em operações não onerosas","Local do domicílio principal do destinatário, nas operações não onerosas.","Execução dos demais serviços em operações não especificadas anteriormente ou, nos serviços de que tratam o inc. III, estes sejam, ainda que parcialmente, prestados à distância",Local do domicílio principal do destinatário
operation_indicator_100501,100501,Demais bens móveis imateriais onerosos,"Demais bens móveis imateriais, inclusive direitos, em operações onerosas","Local do domicílio principal do adquirente, nas operações onerosas","Execução de demais operações não especificadas anteriormente com bens móveis imateriais, inclusive direitos",Local do domicílio principal do adquirente
operation_indicator_100502,100502,Demais bens móveis imateriais onerosos,"Demais bens móveis imateriais, inclusive direitos, em operações onerosas","Local do domicílio principal do adquirente, nas operações onerosas","Execução de demais operações não especificadas anteriormente com bens móveis imateriais, inclusive direitos","Local do domicílio do destinatário, nos casos de adquirente residente ou domiciliado no exterior"
operation_indicator_100601,100601,Demais bens móveis imateriais não onerosos,"Demais bens móveis imateriais, inclusive direitos, em operações não onerosas","Local do domicílio principal do destinatário, nas operações não onerosas.","Execução de demais operações não especificadas anteriormente com bens móveis imateriais, inclusive direitos",Local do domicílio principal do destinatário
operation_indicator_110101,110101,"Abastecimento de água, gás e energia","Operações com abastecimento de água, gás canalizado e energia elétrica",Local da operação especificado no §7º do art. 11,Operações destinadas a consumidor final,Local da disponibilização
operation_indicator_110201,110201,"Abastecimento de água, gás e energia","Operações com abastecimento de água, gás canalizado e energia elétrica",Local da operação especificado no §7º do art. 11,"No fornecimento de serviços de transmissão de energia elétrica; e nas demais operações, inclusive nas hipóteses de geração, distribuição ou comercialização de energia elétrica, nas aquisições por contribuinte sujeito ao regime regular do IBS e da CBS que","Local do estabelecimento principal do adquirente, conforme §4º do art. 11"
operation_indicator_120101,120101,Aquisições multilaterais de energia elétrica,Nas aquisições de energia elétrica realizadas de forma multilateral,Local da operação especificado no §9º do art. 11,Disponibilização de energia,Local da operação considera-se o do estabelecimento ou domicílio do agente que figure com balanço energético devedor
operation_indicator_130101,130101,Transporte dutoviário de gás natural,Operações de transporte dutoviário de gás natural,Local da operação especificado no §10º do art. 11,Execução do transporte dutoviário de gás natural,"Local do estabelecimento principal do fornecedor na contratação de capacidade de entrada de gás natural do duto, nos termos da legislação aplicável"
operation_indicator_130201,130201,Transporte dutoviário de gás natural,Operações de transporte dutoviário de gás natural,Local da operação especificado no §10º do art. 11,Execução do transporte dutoviário de gás natural,"Local do estabelecimento principal do adquirente, na contratação de capacidade de saída do gás natural do duto"
