"id","parent_id","active","code","name","note","account_type","reconcile","tag_ids:id"
"coa_simple_1","","False","1","Ativo","","asset_current","",""
"coa_simple_11","coa_simple_1","False","1.1","Ativo Circulante","","asset_current","",""
"coa_simple_111","coa_simple_11","False","1.1.1","Disponibilidades","","asset_cash","",""
"coa_simple_11101","coa_simple_111","False","1.1.1.01","Caixa","","asset_cash","",""
"coa_simple_11102","coa_simple_111","False","1.1.1.02","Depósitos Bancários à Vista","","asset_cash","",""
"coa_simple_11103","coa_simple_111","False","1.1.1.03","Aplicações Financeiras","","asset_cash","",""
"coa_simple_112","coa_simple_11","False","1.1.2","Créditos","","asset_current","",""
"coa_simple_11201","coa_simple_112","False","1.1.2.01","Recebíveis de clientes","","asset_receivable","",""
"coa_simple_11202","coa_simple_112","False","1.1.2.02","Créditos de Colaboradores","","asset_current","",""
"coa_simple_11203","coa_simple_112","False","1.1.2.03","Créditos de Fornecedores","","asset_receivable","",""
"coa_simple_11204","coa_simple_112","False","1.1.2.04","Tributos Retidos na Fonte","","asset_current","",""
"coa_simple_11205","coa_simple_112","False","1.1.2.05","Tributos a Recuperar","","asset_current","",""
"coa_simple_11206","coa_simple_112","False","1.1.2.06","Tributos a Compensar","","asset_current","",""
"coa_simple_113","coa_simple_11","False","1.1.3","Estoques","","asset_current","",""
"coa_simple_11301","coa_simple_113","False","1.1.3.01","Estoques de Mercadorias","","asset_current","",""
"coa_simple_11302","coa_simple_113","False","1.1.3.02","Estoques de Produtos","","asset_current","",""
"coa_simple_11303","coa_simple_113","False","1.1.3.03","Outros Estoques","","asset_current","",""
"coa_simple_114","coa_simple_11","False","1.1.4","Despesas Pagas Antecipadamente","","liability_payable","",""
"coa_simple_11401","coa_simple_114","False","1.1.4.01","Despesas do Exercício Seguinte","","liability_payable","",""
"coa_simple_12","coa_simple_1","False","1.2","Ativo Não Circulante","","asset_fixed","",""
"coa_simple_121","coa_simple_12","False","1.2.1","Realizável a Longo Prazo","","asset_non_current","",""
"coa_simple_12101","coa_simple_121","False","1.2.1.01","Créditos de Longo Prazo","","asset_non_current","",""
"coa_simple_12102","coa_simple_121","False","1.2.1.02","Ativos Fiscais Diferidos","","asset_non_current","",""
"coa_simple_122","coa_simple_12","False","1.2.2","Investimentos","","asset_non_current","",""
"coa_simple_12201","coa_simple_122","False","1.2.2.01","Investimentos Societários","","asset_non_current","",""
"coa_simple_123","coa_simple_12","False","1.2.3","Imobilizado","","asset_fixed","",""
"coa_simple_12301","coa_simple_123","False","1.2.3.01","Imobilizado - Aquisição","","asset_fixed","",""
"coa_simple_12302","coa_simple_123","False","1.2.3.02","Imobilizado - Depreciação Acumulada","","expense_depreciation","",""
"coa_simple_124","coa_simple_12","False","1.2.4","Intangível","","asset_fixed","",""
"coa_simple_12401","coa_simple_124","False","1.2.4.01","Intangível - Aquisição","","asset_fixed","",""
"coa_simple_12402","coa_simple_124","False","1.2.4.02","Intangível - Amortização","","expense_depreciation","",""
"coa_simple_2","","False","2","Passivo","","liability_current","",""
"coa_simple_21","coa_simple_2","False","2.1","Passivo Circulante","","liability_current","",""
"coa_simple_211","coa_simple_21","False","2.1.1","Obrigações Trabalhistas","","liability_current","",""
"coa_simple_21101","coa_simple_211","False","2.1.1.01","Obrigações com Pessoal","","liability_current","",""
"coa_simple_212","coa_simple_21","False","2.1.2","Obrigações com Terceiros","","liability_payable","",""
"coa_simple_21201","coa_simple_212","False","2.1.2.01","Fornecedores","","liability_payable","",""
"coa_simple_21202","coa_simple_212","False","2.1.2.02","Contas a Pagar","","liability_payable","",""
"coa_simple_213","coa_simple_21","False","2.1.3","Empréstimos e Financiamentos (CP)","","liability_current","",""
"coa_simple_21301","coa_simple_213","False","2.1.3.01","Empréstimos de Terceiros","","liability_current","",""
"coa_simple_214","coa_simple_21","False","2.1.4","Obrigações Fiscais","","liability_current","",""
"coa_simple_21401","coa_simple_214","False","2.1.4.01","Retenções a Recolher","","liability_current","",""
"coa_simple_21402","coa_simple_214","False","2.1.4.02","Impostos a Pagar","","liability_current","",""
"coa_simple_21403","coa_simple_214","False","2.1.4.03","Parcelamentos Fiscais","","liability_current","",""
"coa_simple_215","coa_simple_21","False","2.1.5","Provisões","","liability_current","",""
"coa_simple_21501","coa_simple_215","False","2.1.5.01","Provisões Tributárias","","liability_current","",""
"coa_simple_216","coa_simple_21","False","2.1.6","Outras Obrigações","","liability_current","",""
"coa_simple_21601","coa_simple_216","False","2.1.6.01","Obrigações com Sócios","","liability_current","",""
"coa_simple_22","coa_simple_2","False","2.2","Passivo Não Circulante","","liability_non_current","",""
"coa_simple_221","coa_simple_22","False","2.2.1","Obrigações com Terceiros LP","","liability_non_current","",""
"coa_simple_22101","coa_simple_221","False","2.2.1.01","Fornecedores LP","","liability_non_current","",""
"coa_simple_22102","coa_simple_221","False","2.2.1.02","Empréstimos e Financiamentos LP","","liability_non_current","",""
"coa_simple_222","coa_simple_22","False","2.2.2","Obrigações Fiscais (LP)","","liability_non_current","",""
"coa_simple_22201","coa_simple_222","False","2.2.2.01","Parcelamentos Fiscais (LP)","","liability_non_current","",""
"coa_simple_22202","coa_simple_222","False","2.2.2.02","Tributos Diferidos","","liability_non_current","",""
"coa_simple_223","coa_simple_22","False","2.2.3","Outras Obrigações de LP","","liability_non_current","",""
"coa_simple_22301","coa_simple_223","False","2.2.3.01","Obrigações com Partes Relacionadas","","liability_non_current","",""
"coa_simple_23","coa_simple_2","False","2.3","Patrimônio Líquido","","liability_non_current","",""
"coa_simple_231","coa_simple_23","False","2.3.1","Capital Social Integralizado","","liability_non_current","",""
"coa_simple_23101","coa_simple_231","False","2.3.1.01","Capital Social Subscrito","","liability_non_current","",""
"coa_simple_28102","coa_simple_2","False","2.8.1.02","Capital Social a Integralizar","","liability_non_current","",""
"coa_simple_282","coa_simple_2","False","2.8.2","Reservas de Capital","","liability_non_current","",""
"coa_simple_28201","coa_simple_282","False","2.8.2.01","Adiantamento de Capital","","liability_non_current","",""
"coa_simple_283","coa_simple_2","False","2.8.3","Reservas de Lucro","","liability_non_current","",""
"coa_simple_28301","coa_simple_283","False","2.8.3.01","Lucros a Distribuir","","liability_non_current","",""
"coa_simple_288","coa_simple_2","False","2.8.8","Resultados Acumulados","","liability_non_current","",""
"coa_simple_28801","coa_simple_288","False","2.8.8.01","Lucros Acumulados","","liability_non_current","",""
"coa_simple_28802","coa_simple_288","False","2.8.8.02","Prejuízos Acumulados","","liability_non_current","",""
"coa_simple_3","","False","3","Resultado","","expense","",""
"coa_simple_31","coa_simple_3","False","3.1","RECEITAS","","liability_current","",""
"coa_simple_311","coa_simple_31","False","3.1.1","RECEITA BRUTA","","income","",""
"coa_simple_31101","coa_simple_311","False","3.1.1.01","RECEITA BRUTA OPERACIONAL","","income","",""
"coa_simple_312","coa_simple_31","False","3.1.2","DEDUÇÕES DA RECEITA BRUTA","","liability_current","",""
"coa_simple_31201","coa_simple_312","False","3.1.2.01","IMPOSTOS S/ FATURAMENTO","","liability_current","",""
"coa_simple_31202","coa_simple_312","False","3.1.2.02","OUTRAS DEDUÇÕES DA RECEITA BRUTA","","expense","",""
"coa_simple_32","coa_simple_3","False","3.2","Custos","","expense_direct_cost","",""
"coa_simple_321","coa_simple_32","False","3.2.1","Custos dos bens e serviços","","expense_direct_cost","",""
"coa_simple_32101","coa_simple_321","False","3.2.1.01","Custos dos bens e serviços vendidos","","expense_direct_cost","",""
"coa_simple_33","coa_simple_3","False","3.3","Despesas Operacionais","","expense","",""
"coa_simple_331","coa_simple_33","False","3.3.1","Despesas com Vendas","","expense_direct_cost","",""
"coa_simple_33101","coa_simple_331","False","3.3.1.01","Despesas com Pessoal","","expense_direct_cost","",""
"coa_simple_33102","coa_simple_331","False","3.3.1.02","Outras Despesas com Vendas","","expense","",""
"coa_simple_332","coa_simple_33","False","3.3.2","Despesas Administrativas","","expense","",""
"coa_simple_33201","coa_simple_332","False","3.3.2.01","Despesas com Pessoal","","expense","",""
"coa_simple_33202","coa_simple_332","False","3.3.2.02","Despesas Gerais","","expense","",""
"coa_simple_33203","coa_simple_332","False","3.3.2.03","Tributos e Contribuições","","expense","",""
"coa_simple_339","coa_simple_33","False","3.3.9","Outros Resultados Operacionais","","equity","",""
"coa_simple_33901","coa_simple_339","False","3.3.9.01","Ganhos e Perdas de Capital","","expense","",""
"coa_simple_33902","coa_simple_339","False","3.3.9.02","Perdas","","equity","",""
"coa_simple_33903","coa_simple_339","False","3.3.9.03","Resultado de Participação em Outras Sociedades","","equity","",""
"coa_simple_34","coa_simple_3","False","3.4","Resultado Financeiro","","expense","",""
"coa_simple_341","coa_simple_34","False","3.4.1","Encargos Financeiros Líquidos","","expense","",""
"coa_simple_34101","coa_simple_341","False","3.4.1.01","Despesas Financeiras","","expense","",""
"coa_simple_34102","coa_simple_341","False","3.4.1.02","Receitas Financeiras","","income_other","",""
"coa_simple_38","coa_simple_3","False","3.8","Provisão de Impostos","","equity","",""
"coa_simple_381","coa_simple_38","False","3.8.1","Tributos sobre Lucro","","equity","",""
"coa_simple_38101","coa_simple_381","False","3.8.1.01","Impostos","","equity","",""
"coa_simple_1110101","coa_simple_11101","True","1.1.1.01.01","Caixa","","asset_cash","1","l10n_br_coa.account_tag_current_assets_cash"
"coa_simple_1110102","coa_simple_11101","True","1.1.1.01.02","Fundo Fixo de Caixa","","asset_cash","1","l10n_br_coa.account_tag_current_assets_cash"
"coa_simple_1110201","coa_simple_11102","True","1.1.1.02.01","Bancos Conta Movimento","","asset_cash","1","l10n_br_coa.account_tag_current_assets_cash"
"coa_simple_1110301","coa_simple_11103","True","1.1.1.03.01","Aplicação Financeira de Liquidez Imediata","","asset_cash","1","l10n_br_coa.account_tag_current_assets_cash"
"coa_simple_1120101","coa_simple_11201","True","1.1.2.01.01","Contas a Receber","","asset_receivable","1","l10n_br_coa.account_tag_current_assets_receivable"
"coa_simple_1120102","coa_simple_11201","True","1.1.2.01.02","PECLD","","asset_receivable","1","l10n_br_coa.account_tag_current_assets_receivable"
"coa_simple_1120201","coa_simple_11202","True","1.1.2.02.01","Adiantamento Quinzenal","","asset_current","0","l10n_br_coa.account_tag_current_assets_receivable"
"coa_simple_1120202","coa_simple_11202","True","1.1.2.02.02","Empréstimos a colaboradores","","asset_current","0","l10n_br_coa.account_tag_current_assets_receivable"
"coa_simple_1120203","coa_simple_11202","True","1.1.2.02.03","Antecipação de Salários","","asset_current","0","l10n_br_coa.account_tag_current_assets_receivable"
"coa_simple_1120204","coa_simple_11202","True","1.1.2.02.04","Antecipação de Férias","","asset_current","0","l10n_br_coa.account_tag_current_assets_receivable"
"coa_simple_1120205","coa_simple_11202","True","1.1.2.02.05","Antecipação de 13º Salário","","asset_current","0","l10n_br_coa.account_tag_current_assets_receivable"
"coa_simple_1120301","coa_simple_11203","True","1.1.2.03.01","Adiantamentos a Fornecedores","","asset_receivable","1","l10n_br_coa.account_tag_current_assets_receivable"
"coa_simple_1120401","coa_simple_11204","True","1.1.2.04.01","IRRF","","asset_current","0","l10n_br_coa.account_tag_current_assets_receivable"
"coa_simple_1120402","coa_simple_11204","True","1.1.2.04.02","CSLL Retida na Fonte","","asset_current","0","l10n_br_coa.account_tag_current_assets_receivable"
"coa_simple_1120403","coa_simple_11204","True","1.1.2.04.03","PIS Retido na fonte","","asset_current","0","l10n_br_coa.account_tag_current_assets_receivable"
"coa_simple_1120404","coa_simple_11204","True","1.1.2.04.04","COFINS Retida na Fonte","","asset_current","0","l10n_br_coa.account_tag_current_assets_receivable"
"coa_simple_1120405","coa_simple_11204","True","1.1.2.04.05","INSS Retido na Fonte","","asset_current","0","l10n_br_coa.account_tag_current_assets_receivable"
"coa_simple_1120501","coa_simple_11205","True","1.1.2.05.01","IPI a Recuperar","","asset_current","0","l10n_br_coa.account_tag_current_assets_receivable"
"coa_simple_1120502","coa_simple_11205","True","1.1.2.05.02","ICMS a Recuperar","","asset_current","0","l10n_br_coa.account_tag_current_assets_receivable"
"coa_simple_1120503","coa_simple_11205","True","1.1.2.05.03","PIS a Recuperar - Crédito Básico","","asset_current","0","l10n_br_coa.account_tag_current_assets_receivable"
"coa_simple_1120504","coa_simple_11205","True","1.1.2.05.04","PIS a Recuperar - Crédito Presumido","","asset_current","0","l10n_br_coa.account_tag_current_assets_receivable"
"coa_simple_1120505","coa_simple_11205","True","1.1.2.05.05","COFINS a Recuperar - Crédito Básico","","asset_current","0","l10n_br_coa.account_tag_current_assets_receivable"
"coa_simple_1120506","coa_simple_11205","True","1.1.2.05.06","COFINS a Recuperar - Crédito Presumido","","asset_current","0","l10n_br_coa.account_tag_current_assets_receivable"
"coa_simple_1120507","coa_simple_11205","True","1.1.2.05.07","CIDE a Recuperar","","asset_current","0","l10n_br_coa.account_tag_current_assets_receivable"
"coa_simple_1120508","coa_simple_11205","True","1.1.2.05.08","Outros Impostos e Contribuições a Recuperar","","asset_current","0","l10n_br_coa.account_tag_current_assets_receivable"
"coa_simple_1120509","coa_simple_11205","True","1.1.2.05.09","Saldo Negativo - IRPJ","","asset_current","0","l10n_br_coa.account_tag_current_assets_receivable"
"coa_simple_1120510","coa_simple_11205","True","1.1.2.05.10","Saldo Negativo - CSLL","","asset_current","0","l10n_br_coa.account_tag_current_assets_receivable"
"coa_simple_1120511","coa_simple_11205","True","1.1.2.05.11","IBS a Recuperar","","asset_current","0","l10n_br_coa.account_tag_current_assets_receivable"
"coa_simple_1120512","coa_simple_11205","True","1.1.2.05.12","CBS a Recuperar","","asset_current","0","l10n_br_coa.account_tag_current_assets_receivable"
"coa_simple_1120513","coa_simple_11205","True","1.1.2.05.13","IS a Recuperar","","asset_current","0","l10n_br_coa.account_tag_current_assets_receivable"
"coa_simple_1120601","coa_simple_11206","True","1.1.2.06.01","IRPJ Estimativa","","asset_current","0","l10n_br_coa.account_tag_current_assets_receivable"
"coa_simple_1120602","coa_simple_11206","True","1.1.2.06.02","CSLL Estimativa","","asset_current","0","l10n_br_coa.account_tag_current_assets_receivable"
"coa_simple_1120603","coa_simple_11206","True","1.1.2.06.03","COFINS a Compensar","","asset_current","0","l10n_br_coa.account_tag_current_assets_receivable"
"coa_simple_1120604","coa_simple_11206","True","1.1.2.06.04","PIS/PASEP a Compensar","","asset_current","0","l10n_br_coa.account_tag_current_assets_receivable"
"coa_simple_1120605","coa_simple_11206","True","1.1.2.06.05","IPI a Compensar","","asset_current","0","l10n_br_coa.account_tag_current_assets_receivable"
"coa_simple_1120606","coa_simple_11206","True","1.1.2.06.06","INSS a compensar","","asset_current","0","l10n_br_coa.account_tag_current_assets_receivable"
"coa_simple_1130101","coa_simple_11301","True","1.1.3.01.01","Mercadorias para Revenda","","asset_current","0","l10n_br_coa.account_tag_current_assets_stock"
"coa_simple_1130102","coa_simple_11301","True","1.1.3.01.02","(-) Perda por Ajuste ao Valor Realizável Líquido - Estoque Mercadorias","","asset_current","0","l10n_br_coa.account_tag_current_assets_stock"
"coa_simple_1130201","coa_simple_11302","True","1.1.3.02.01","Insumos (materiais diretos)","","asset_current","0","l10n_br_coa.account_tag_current_assets_stock"
"coa_simple_1130202","coa_simple_11302","True","1.1.3.02.02","Outros Materiais","","asset_current","0","l10n_br_coa.account_tag_current_assets_stock"
"coa_simple_1130203","coa_simple_11302","True","1.1.3.02.03","Produtos em Elaboração","","asset_current","0","l10n_br_coa.account_tag_current_assets_stock"
"coa_simple_1130204","coa_simple_11302","True","1.1.3.02.04","Produtos Acabados","","asset_current","0","l10n_br_coa.account_tag_current_assets_stock"
"coa_simple_1130205","coa_simple_11302","True","1.1.3.02.05","(-) Perda por Ajuste ao Valor Realizável Líquido - Estoque Produtos","","asset_current","0","l10n_br_coa.account_tag_current_assets_stock"
"coa_simple_1130301","coa_simple_11303","True","1.1.3.03.01","Materiais para Consumo","","asset_current","0","l10n_br_coa.account_tag_current_assets_stock"
"coa_simple_1130302","coa_simple_11303","True","1.1.3.03.02","Materiais para Reposição","","asset_current","0","l10n_br_coa.account_tag_current_assets_stock"
"coa_simple_1140101","coa_simple_11401","True","1.1.4.01.01","Aluguéis e Arredamentos Pagos Antecipadamente","","liability_payable","1","l10n_br_coa.account_tag_current_assets_other_credits"
"coa_simple_1140102","coa_simple_11401","True","1.1.4.01.02","Prêmios de Seguros a Apropriar","","liability_payable","1","l10n_br_coa.account_tag_current_assets_other_credits"
"coa_simple_1160199","coa_simple_11","True","1.1.6.01.99","Outras Despesas Antecipadas","","liability_payable","1","l10n_br_coa.account_tag_current_assets_other_credits"
"coa_simple_1210101","coa_simple_12101","True","1.2.1.01.01","Clientes - Longo Prazo","","asset_non_current","0","l10n_br_coa.account_tag_non_current_assets_receivable"
"coa_simple_1210102","coa_simple_12101","True","1.2.1.01.02","PCLD Longo Prazo","","asset_non_current","0","l10n_br_coa.account_tag_non_current_assets_receivable"
"coa_simple_1210103","coa_simple_12101","True","1.2.1.01.03","Juros a apropriar Clientes LP","","asset_non_current","0","l10n_br_coa.account_tag_non_current_assets_receivable"
"coa_simple_1210104","coa_simple_12101","True","1.2.1.01.04","Empréstimos de LP","","asset_non_current","0","l10n_br_coa.account_tag_non_current_assets_receivable"
"coa_simple_1210105","coa_simple_12101","True","1.2.1.01.05","Juros a apropriar Empréstimos LP","","asset_non_current","0","l10n_br_coa.account_tag_non_current_assets_receivable"
"coa_simple_1210201","coa_simple_12102","True","1.2.1.02.01","IRPJ Diferido","","asset_non_current","0","l10n_br_coa.account_tag_non_current_assets_receivable"
"coa_simple_1210202","coa_simple_12102","True","1.2.1.02.02","CSLL Diferido","","asset_non_current","0","l10n_br_coa.account_tag_non_current_assets_receivable"
"coa_simple_1220101","coa_simple_12201","True","1.2.2.01.01","Investimentos em Controladas","","asset_non_current","0","l10n_br_coa.account_tag_non_current_investments"
"coa_simple_1220102","coa_simple_12201","True","1.2.2.01.02","Ágio pago pela mais valia","","asset_non_current","0","l10n_br_coa.account_tag_non_current_investments"
"coa_simple_1220103","coa_simple_12201","True","1.2.2.01.03","Ágio pago por Goodwill","","asset_non_current","0","l10n_br_coa.account_tag_non_current_investments"
"coa_simple_1220104","coa_simple_12201","True","1.2.2.01.04","Investimentos em Coligadas","","asset_non_current","0","l10n_br_coa.account_tag_non_current_investments"
"coa_simple_1220105","coa_simple_12201","True","1.2.2.01.05","Investimentos em Joint Ventures","","asset_non_current","0","l10n_br_coa.account_tag_non_current_investments"
"coa_simple_1230110","coa_simple_12301","True","1.2.3.01.10","Terrenos","","asset_fixed","0","l10n_br_coa.account_tag_fixed_assets"
"coa_simple_1230111","coa_simple_12301","True","1.2.3.01.11","Impairment Terrenos","","asset_fixed","0","l10n_br_coa.account_tag_fixed_assets"
"coa_simple_1230120","coa_simple_12301","True","1.2.3.01.20","Edifícios e Construções","","asset_fixed","0","l10n_br_coa.account_tag_fixed_assets"
"coa_simple_1230121","coa_simple_12301","True","1.2.3.01.21","Impairment Edifícios e Construções","","asset_fixed","0","l10n_br_coa.account_tag_fixed_assets"
"coa_simple_1230130","coa_simple_12301","True","1.2.3.01.30","Benfeitorias em Imóveis de Terceiros","","asset_fixed","0","l10n_br_coa.account_tag_fixed_assets"
"coa_simple_1230131","coa_simple_12301","True","1.2.3.01.31","Impairment Benfeitorias em Imóveis de Terceiros","","asset_fixed","0","l10n_br_coa.account_tag_fixed_assets"
"coa_simple_1230140","coa_simple_12301","True","1.2.3.01.40","Máquinas, Equipamentos e Instalações Industriais","","asset_fixed","0","l10n_br_coa.account_tag_fixed_assets"
"coa_simple_1230141","coa_simple_12301","True","1.2.3.01.41","Impairment Máquinas, Equipamentos e Instalações Industriais","","asset_fixed","0","l10n_br_coa.account_tag_fixed_assets"
"coa_simple_1230150","coa_simple_12301","True","1.2.3.01.50","Móveis, Utensílios e Instalações Comerciais","","asset_fixed","0","l10n_br_coa.account_tag_fixed_assets"
"coa_simple_1230151","coa_simple_12301","True","1.2.3.01.51","Impairment Móveis, Utensílios e Instalações Comerciais","","asset_fixed","0","l10n_br_coa.account_tag_fixed_assets"
"coa_simple_1230160","coa_simple_12301","True","1.2.3.01.60","Veículos","","asset_fixed","0","l10n_br_coa.account_tag_fixed_assets"
"coa_simple_1230161","coa_simple_12301","True","1.2.3.01.61","Impairment Veículos","","asset_fixed","0","l10n_br_coa.account_tag_fixed_assets"
"coa_simple_1230162","coa_simple_12301","True","1.2.3.01.62","Terrenos para Investimento - Custo","","asset_fixed","0","l10n_br_coa.account_tag_fixed_assets"
"coa_simple_1230170","coa_simple_12301","True","1.2.3.01.70","Edifícios para Investimento - Custo","","asset_fixed","0","l10n_br_coa.account_tag_fixed_assets"
"coa_simple_1230171","coa_simple_12301","True","1.2.3.01.71","Edifícios para Investimento - Depreciação","","expense_depreciation","0","l10n_br_coa.account_tag_fixed_assets"
"coa_simple_1230220","coa_simple_12302","True","1.2.3.02.20","Depreciação Acumulada - Edifícios e Construções","","expense_depreciation","0","l10n_br_coa.account_tag_fixed_assets_depreciation"
"coa_simple_1230230","coa_simple_12302","True","1.2.3.02.30","Depreciação Acumulada - Benfeitorias em Imóveis de Terceiros","","expense_depreciation","0","l10n_br_coa.account_tag_fixed_assets_depreciation"
"coa_simple_1240110","coa_simple_12401","True","1.2.4.01.10","Softwares","","asset_fixed","0","l10n_br_coa.account_tag_intangible_assets"
"coa_simple_1240111","coa_simple_12401","True","1.2.4.01.11","Impairment - Softwares","","asset_fixed","0","l10n_br_coa.account_tag_intangible_assets"
"coa_simple_1240120","coa_simple_12401","True","1.2.4.01.20","Marcas","","asset_fixed","0","l10n_br_coa.account_tag_intangible_assets"
"coa_simple_1240121","coa_simple_12401","True","1.2.4.01.21","Impairment - Marcas","","asset_fixed","0","l10n_br_coa.account_tag_intangible_assets"
"coa_simple_1240130","coa_simple_12401","True","1.2.4.01.30","Patentes e Segredos Industriais","","asset_fixed","0","l10n_br_coa.account_tag_intangible_assets"
"coa_simple_1240131","coa_simple_12401","True","1.2.4.01.31","Impairment - Patentes e Segredos Industriais","","asset_fixed","0","l10n_br_coa.account_tag_intangible_assets"
"coa_simple_1240140","coa_simple_12401","True","1.2.4.01.40","Goodwill","","asset_fixed","0","l10n_br_coa.account_tag_intangible_assets"
"coa_simple_1240210","coa_simple_12402","True","1.2.4.02.10","Amortização Acumulada - Softwares","","expense_depreciation","0","l10n_br_coa.account_tag_intangible_assets_amortization"
"coa_simple_1240220","coa_simple_12402","True","1.2.4.02.20","Amortização Acumulada - Marcas","","expense_depreciation","0","l10n_br_coa.account_tag_intangible_assets_amortization"
"coa_simple_1240230","coa_simple_12402","True","1.2.4.02.30","Amortização Acumulada - Patentes e Segredos Industriais","","expense_depreciation","0","l10n_br_coa.account_tag_intangible_assets_amortization"
"coa_simple_2110101","coa_simple_21101","True","2.1.1.01.01","Salários e Remunerações a Pagar","","liability_current","0","l10n_br_coa.account_tag_current_liabilities_labor"
"coa_simple_2110102","coa_simple_21101","True","2.1.1.01.02","Participações no Resultado a Pagar","","liability_current","0","l10n_br_coa.account_tag_current_liabilities_labor"
"coa_simple_2110103","coa_simple_21101","True","2.1.1.01.03","INSS a Recolher","","liability_current","0","l10n_br_coa.account_tag_current_liabilities_labor"
"coa_simple_2110104","coa_simple_21101","True","2.1.1.01.04","FGTS a Recolher","","liability_current","0","l10n_br_coa.account_tag_current_liabilities_labor"
"coa_simple_2110105","coa_simple_21101","True","2.1.1.01.05","INSS desoneração da folha","","liability_current","0","l10n_br_coa.account_tag_current_liabilities_labor"
"coa_simple_2110106","coa_simple_21101","True","2.1.1.01.06","Férias","","liability_current","0","l10n_br_coa.account_tag_current_liabilities_labor"
"coa_simple_2110107","coa_simple_21101","True","2.1.1.01.07","13º Salário","","liability_current","0","l10n_br_coa.account_tag_current_liabilities_labor"
"coa_simple_2110108","coa_simple_21101","True","2.1.1.01.08","INSS - Férias","","liability_current","0","l10n_br_coa.account_tag_current_liabilities_labor"
"coa_simple_2110109","coa_simple_21101","True","2.1.1.01.09","FGTS - Férias","","liability_current","0","l10n_br_coa.account_tag_current_liabilities_labor"
"coa_simple_2110110","coa_simple_21101","True","2.1.1.01.10","INSS - 13º Salário","","liability_current","0","l10n_br_coa.account_tag_current_liabilities_labor"
"coa_simple_2110111","coa_simple_21101","True","2.1.1.01.11","FGTS - 13º Salário","","liability_current","0","l10n_br_coa.account_tag_current_liabilities_labor"
"coa_simple_2120101","coa_simple_21201","True","2.1.2.01.01","Fornecedores Nacionais","","liability_payable","1","l10n_br_coa.account_tag_current_liabilities_suppliers"
"coa_simple_2120102","coa_simple_21201","True","2.1.2.01.02","Fornecedores Exterior","","liability_payable","1","l10n_br_coa.account_tag_current_liabilities_suppliers"
"coa_simple_2120201","coa_simple_21202","True","2.1.2.02.01","Aluguéis e Arrendamentos a Pagar","","liability_payable","1","l10n_br_coa.account_tag_current_liabilities_payable"
"coa_simple_2120202","coa_simple_21202","True","2.1.2.02.02","Adiantamento de Clientes","","asset_receivable","1","l10n_br_coa.account_tag_current_liabilities_payable"
"coa_simple_2120203","coa_simple_21202","True","2.1.2.02.03","Outras Contas a Pagar","","liability_payable","1","l10n_br_coa.account_tag_current_liabilities_payable"
"coa_simple_2130101","coa_simple_21301","True","2.1.3.01.01","Duplicatas Descontadas","","liability_current","0","l10n_br_coa.account_tag_current_liabilities_payable"
"coa_simple_2130102","coa_simple_21301","True","2.1.3.01.02","Empréstimos e Financiamentos","","liability_current","0","l10n_br_coa.account_tag_current_liabilities_payable"
"coa_simple_2140101","coa_simple_21401","True","2.1.4.01.01","IRRF","","liability_current","0","l10n_br_coa.account_tag_current_liabilities_fiscal"
"coa_simple_2140102","coa_simple_21401","True","2.1.4.01.02","CSRF","","liability_current","0","l10n_br_coa.account_tag_current_liabilities_fiscal"
"coa_simple_2140103","coa_simple_21401","True","2.1.4.01.03","ISS retido na Fonte","","liability_current","0","l10n_br_coa.account_tag_current_liabilities_fiscal"
"coa_simple_2140104","coa_simple_21401","True","2.1.4.01.04","INSS retido na Fonte","","liability_current","0","l10n_br_coa.account_tag_current_liabilities_fiscal"
"coa_simple_2140105","coa_simple_21401","True","2.1.4.01.05","IBS Retido na Fonte","","liability_current","0","l10n_br_coa.account_tag_current_liabilities_fiscal"
"coa_simple_2140106","coa_simple_21401","True","2.1.4.01.06","CBS Retido na Fonte","","liability_current","0","l10n_br_coa.account_tag_current_liabilities_fiscal"
"coa_simple_2140201","coa_simple_21402","True","2.1.4.02.01","IRPJ","","liability_current","0","l10n_br_coa.account_tag_current_liabilities_fiscal"
"coa_simple_2140202","coa_simple_21402","True","2.1.4.02.02","CSLL","","liability_current","0","l10n_br_coa.account_tag_current_liabilities_fiscal"
"coa_simple_2140203","coa_simple_21402","True","2.1.4.02.03","PIS","","liability_current","0","l10n_br_coa.account_tag_current_liabilities_fiscal"
"coa_simple_2140204","coa_simple_21402","True","2.1.4.02.04","COFINS","","liability_current","0","l10n_br_coa.account_tag_current_liabilities_fiscal"
"coa_simple_2140205","coa_simple_21402","True","2.1.4.02.05","IPI","","liability_current","0","l10n_br_coa.account_tag_current_liabilities_fiscal"
"coa_simple_2140206","coa_simple_21402","True","2.1.4.02.06","ICMS","","liability_current","0","l10n_br_coa.account_tag_current_liabilities_fiscal"
"coa_simple_2140207","coa_simple_21402","True","2.1.4.02.07","IOF","","liability_current","0","l10n_br_coa.account_tag_current_liabilities_fiscal"
"coa_simple_2140208","coa_simple_21402","True","2.1.4.02.08","ISS","","liability_current","0","l10n_br_coa.account_tag_current_liabilities_fiscal"
"coa_simple_2140209","coa_simple_21402","True","2.1.4.02.09","Tributos Municipais","","liability_current","0","l10n_br_coa.account_tag_current_liabilities_fiscal"
"coa_simple_2140210","coa_simple_21402","True","2.1.4.02.10","Simples Nacional","","liability_current","0","l10n_br_coa.account_tag_current_liabilities_fiscal"
"coa_simple_2140211","coa_simple_21402","True","2.1.4.02.11","IBS","","liability_current","0","l10n_br_coa.account_tag_current_liabilities_fiscal"
"coa_simple_2140212","coa_simple_21402","True","2.1.4.02.12","CBS","","liability_current","0","l10n_br_coa.account_tag_current_liabilities_fiscal"
"coa_simple_2140213","coa_simple_21402","True","2.1.4.02.13","IS","","liability_current","0","l10n_br_coa.account_tag_current_liabilities_fiscal"
"coa_simple_2140301","coa_simple_21403","True","2.1.4.03.01","Tributos Federais","","liability_current","0","l10n_br_coa.account_tag_current_liabilities_fiscal"
"coa_simple_2140302","coa_simple_21403","True","2.1.4.03.02","Tributos Estaduais e Municipais","","liability_current","0","l10n_br_coa.account_tag_current_liabilities_fiscal"
"coa_simple_2150101","coa_simple_21501","True","2.1.5.01.01","IRPJ","","liability_current","0","l10n_br_coa.account_tag_current_liabilities_fiscal"
"coa_simple_2150102","coa_simple_21501","True","2.1.5.01.02","CSLL","","liability_current","0","l10n_br_coa.account_tag_current_liabilities_fiscal"
"coa_simple_2160101","coa_simple_21601","True","2.1.6.01.01","Lucros a Pagar","","liability_current","0","l10n_br_coa.account_tag_current_liabilities_payable"
"coa_simple_2160102","coa_simple_21601","True","2.1.6.01.02","Mútuo com Partes Relacionadas","","liability_current","0","l10n_br_coa.account_tag_current_liabilities_payable"
"coa_simple_2210101","coa_simple_22101","True","2.2.1.01.01","Fornecedores Nacionais","","liability_non_current","0","l10n_br_coa.account_tag_non_current_liabilities"
"coa_simple_2210102","coa_simple_22101","True","2.2.1.01.02","Fornecedores Exterior","","liability_non_current","0","l10n_br_coa.account_tag_non_current_liabilities"
"coa_simple_2210103","coa_simple_22101","True","2.2.1.01.03","Juros a apropriar Obrigações LP","","liability_non_current","0","l10n_br_coa.account_tag_non_current_liabilities"
"coa_simple_2210201","coa_simple_22102","True","2.2.1.02.01","Empréstimos e Financiamentos LP","","liability_non_current","0","l10n_br_coa.account_tag_non_current_liabilities"
"coa_simple_2210202","coa_simple_22102","True","2.2.1.02.02","Duplicatas Descontadas LP","","liability_non_current","0","l10n_br_coa.account_tag_non_current_liabilities"
"coa_simple_2210203","coa_simple_22102","True","2.2.1.02.03","Juros a apropriar Empréstimos LP","","liability_non_current","0","l10n_br_coa.account_tag_non_current_liabilities"
"coa_simple_2220101","coa_simple_22201","True","2.2.2.01.01","Tributos Federais LP","","liability_non_current","0","l10n_br_coa.account_tag_non_current_liabilities"
"coa_simple_2220102","coa_simple_22201","True","2.2.2.01.02","Tributos Estaduais e Municipais LP","","liability_non_current","0","l10n_br_coa.account_tag_non_current_liabilities"
"coa_simple_2220201","coa_simple_22202","True","2.2.2.02.01","IRPJ Diferido","","liability_non_current","0","l10n_br_coa.account_tag_non_current_liabilities"
"coa_simple_2220202","coa_simple_22202","True","2.2.2.02.02","CSLL Diferido","","liability_non_current","0","l10n_br_coa.account_tag_non_current_liabilities"
"coa_simple_2230101","coa_simple_22301","True","2.2.3.01.01","Empréstimos de Sócios","","liability_non_current","0","l10n_br_coa.account_tag_non_current_liabilities_loan"
"coa_simple_2230102","coa_simple_22301","True","2.2.3.01.02","Mútuos com Partes Relacionadas","","liability_non_current","0","l10n_br_coa.account_tag_non_current_liabilities_loan"
"coa_simple_2230103","coa_simple_22301","True","2.2.3.01.03","Juros a Apropriar Partes Relacionadas","","liability_non_current","0","l10n_br_coa.account_tag_non_current_liabilities_loan"
"coa_simple_2310101","coa_simple_23101","True","2.3.1.01.01","Capital Social Subscrito","","liability_non_current","0","l10n_br_coa.account_tag_equity_capital"
"coa_simple_2810201","coa_simple_28102","True","2.8.1.02.01","Capital Social a Integralizar","","liability_non_current","0","l10n_br_coa.account_tag_equity_capital"
"coa_simple_2820101","coa_simple_28201","True","2.8.2.01.01","Adiantamento para Futuro Aumento de Capital","","liability_non_current","0","l10n_br_coa.account_tag_equity_capital"
"coa_simple_2830101","coa_simple_28301","True","2.8.3.01.01","Lucros a Distribuir","","liability_non_current","0","l10n_br_coa.account_tag_equity_profit_reserve"
"coa_simple_2880101","coa_simple_28801","True","2.8.8.01.01","Lucros Acumulados","","liability_non_current","0","l10n_br_coa.account_tag_equity_accumulated_profits"
"coa_simple_2880201","coa_simple_28802","True","2.8.8.02.01","Prejuízos Acumulados","","liability_non_current","0","l10n_br_coa.account_tag_equity_accumulated_losses"
"coa_simple_3110101","coa_simple_31101","True","3.1.1.01.01","Serviços Prestados","","income","0","l10n_br_coa.account_tag_revenue,l10n_br_coa.account_tag_result"
"coa_simple_3110102","coa_simple_31101","True","3.1.1.01.02","Mercadorias Vendidas","","income","0","l10n_br_coa.account_tag_revenue,l10n_br_coa.account_tag_result"
"coa_simple_3110103","coa_simple_31101","True","3.1.1.01.03","Produtos Vendidos","","income","0","l10n_br_coa.account_tag_revenue,l10n_br_coa.account_tag_result"
"coa_simple_3120101","coa_simple_31201","True","3.1.2.01.01","PIS","","liability_current","0","l10n_br_coa.account_tag_revenue_deduction,l10n_br_coa.account_tag_result"
"coa_simple_3120102","coa_simple_31201","True","3.1.2.01.02","COFINS","","liability_current","0","l10n_br_coa.account_tag_revenue_deduction,l10n_br_coa.account_tag_result"
"coa_simple_3120103","coa_simple_31201","True","3.1.2.01.03","ISS","","liability_current","0","l10n_br_coa.account_tag_revenue_deduction,l10n_br_coa.account_tag_result"
"coa_simple_3120104","coa_simple_31201","True","3.1.2.01.04","ICMS","","liability_current","0","l10n_br_coa.account_tag_revenue_deduction,l10n_br_coa.account_tag_result"
"coa_simple_3120105","coa_simple_31201","True","3.1.2.01.05","SIMPLES NACIONAL","","liability_current","0","l10n_br_coa.account_tag_revenue_deduction,l10n_br_coa.account_tag_result"
"coa_simple_3120106","coa_simple_31201","True","3.1.2.01.06","IBS","","liability_current","0","l10n_br_coa.account_tag_revenue_deduction,l10n_br_coa.account_tag_result"
"coa_simple_3120107","coa_simple_31201","True","3.1.2.01.07","CBS","","liability_current","0","l10n_br_coa.account_tag_revenue_deduction,l10n_br_coa.account_tag_result"
"coa_simple_3120108","coa_simple_31201","True","3.1.2.01.08","IS","","liability_current","0","l10n_br_coa.account_tag_revenue_deduction,l10n_br_coa.account_tag_result"
"coa_simple_3120201","coa_simple_31202","True","3.1.2.02.01","DESCONTOS E ABATIMENTOS","","expense","0","l10n_br_coa.account_tag_revenue_deduction,l10n_br_coa.account_tag_result"
"coa_simple_3120202","coa_simple_31202","True","3.1.2.02.02","DEVOLUÇÕES","","expense","0","l10n_br_coa.account_tag_revenue_deduction,l10n_br_coa.account_tag_result"
"coa_simple_3120203","coa_simple_31202","True","3.1.2.02.03","JUROS DE AVP","","expense","0","l10n_br_coa.account_tag_revenue_deduction,l10n_br_coa.account_tag_result"
"coa_simple_3210101","coa_simple_32101","True","3.2.1.01.01","Custos dos Produtos Vendidos","","expense_direct_cost","0","l10n_br_coa.account_tag_direct_costs,l10n_br_coa.account_tag_result"
"coa_simple_3210102","coa_simple_32101","True","3.2.1.01.02","Custos das Mercadorias Vendidas","","expense_direct_cost","0","l10n_br_coa.account_tag_direct_costs,l10n_br_coa.account_tag_result"
"coa_simple_3210103","coa_simple_32101","True","3.2.1.01.03","Custos dos Serviços Prestados","","expense_direct_cost","0","l10n_br_coa.account_tag_direct_costs,l10n_br_coa.account_tag_result"
"coa_simple_3310101","coa_simple_33101","True","3.3.1.01.01","Salários","","expense_direct_cost","0","l10n_br_coa.account_tag_sale_expenses,l10n_br_coa.account_tag_result"
"coa_simple_3310102","coa_simple_33101","True","3.3.1.01.02","Gratificações","","expense_direct_cost","0","l10n_br_coa.account_tag_sale_expenses,l10n_br_coa.account_tag_result"
"coa_simple_3310103","coa_simple_33101","True","3.3.1.01.03","Férias","","expense_direct_cost","0","l10n_br_coa.account_tag_sale_expenses,l10n_br_coa.account_tag_result"
"coa_simple_3310104","coa_simple_33101","True","3.3.1.01.04","13º Salário","","expense_direct_cost","0","l10n_br_coa.account_tag_sale_expenses,l10n_br_coa.account_tag_result"
"coa_simple_3310105","coa_simple_33101","True","3.3.1.01.05","INSS","","expense_direct_cost","0","l10n_br_coa.account_tag_sale_expenses,l10n_br_coa.account_tag_result"
"coa_simple_3310106","coa_simple_33101","True","3.3.1.01.06","FGTS","","expense_direct_cost","0","l10n_br_coa.account_tag_sale_expenses,l10n_br_coa.account_tag_result"
"coa_simple_3310107","coa_simple_33101","True","3.3.1.01.07","Vale Refeição/Refeitório","","expense_direct_cost","0","l10n_br_coa.account_tag_sale_expenses,l10n_br_coa.account_tag_result"
"coa_simple_3310108","coa_simple_33101","True","3.3.1.01.08","Vale Transporte","","expense_direct_cost","0","l10n_br_coa.account_tag_sale_expenses,l10n_br_coa.account_tag_result"
"coa_simple_3310109","coa_simple_33101","True","3.3.1.01.09","Assistência Médica","","expense_direct_cost","0","l10n_br_coa.account_tag_sale_expenses,l10n_br_coa.account_tag_result"
"coa_simple_3310110","coa_simple_33101","True","3.3.1.01.10","Seguro de Vida","","expense_direct_cost","0","l10n_br_coa.account_tag_sale_expenses,l10n_br_coa.account_tag_result"
"coa_simple_3310111","coa_simple_33101","True","3.3.1.01.11","Treinamento","","expense_direct_cost","0","l10n_br_coa.account_tag_sale_expenses,l10n_br_coa.account_tag_result"
"coa_simple_3310201","coa_simple_33102","True","3.3.1.02.01","Comissões sobre Vendas","","expense","0","l10n_br_coa.account_tag_sale_expenses,l10n_br_coa.account_tag_result"
"coa_simple_3310202","coa_simple_33102","True","3.3.1.02.02","Propaganda e publicidade","","expense","0","l10n_br_coa.account_tag_sale_expenses,l10n_br_coa.account_tag_result"
"coa_simple_3310203","coa_simple_33102","True","3.3.1.02.03","Brindes e material promocional","","expense","0","l10n_br_coa.account_tag_sale_expenses,l10n_br_coa.account_tag_result"
"coa_simple_3320101","coa_simple_33201","True","3.3.2.01.01","Salários","","expense","0","l10n_br_coa.account_tag_admin_expenses,l10n_br_coa.account_tag_result"
"coa_simple_3320102","coa_simple_33201","True","3.3.2.01.02","Gratificações","","expense","0","l10n_br_coa.account_tag_admin_expenses,l10n_br_coa.account_tag_result"
"coa_simple_3320103","coa_simple_33201","True","3.3.2.01.03","Férias","","expense","0","l10n_br_coa.account_tag_admin_expenses,l10n_br_coa.account_tag_result"
"coa_simple_3320104","coa_simple_33201","True","3.3.2.01.04","13º Salário","","expense","0","l10n_br_coa.account_tag_admin_expenses,l10n_br_coa.account_tag_result"
"coa_simple_3320105","coa_simple_33201","True","3.3.2.01.05","INSS","","expense","0","l10n_br_coa.account_tag_admin_expenses,l10n_br_coa.account_tag_result"
"coa_simple_3320106","coa_simple_33201","True","3.3.2.01.06","FGTS","","expense","0","l10n_br_coa.account_tag_admin_expenses,l10n_br_coa.account_tag_result"
"coa_simple_3320107","coa_simple_33201","True","3.3.2.01.07","Vale Refeiçãoo/Refeitório","","expense","0","l10n_br_coa.account_tag_admin_expenses,l10n_br_coa.account_tag_result"
"coa_simple_3320108","coa_simple_33201","True","3.3.2.01.08","Vale Transporte","","expense","0","l10n_br_coa.account_tag_admin_expenses,l10n_br_coa.account_tag_result"
"coa_simple_3320109","coa_simple_33201","True","3.3.2.01.09","Assistência Médica","","expense","0","l10n_br_coa.account_tag_admin_expenses,l10n_br_coa.account_tag_result"
"coa_simple_3320110","coa_simple_33201","True","3.3.2.01.10","Seguro de Vida","","expense","0","l10n_br_coa.account_tag_admin_expenses,l10n_br_coa.account_tag_result"
"coa_simple_3320111","coa_simple_33201","True","3.3.2.01.11","Treinamento","","expense","0","l10n_br_coa.account_tag_admin_expenses,l10n_br_coa.account_tag_result"
"coa_simple_3320112","coa_simple_33201","True","3.3.2.01.12","Pro Labore","","expense","0","l10n_br_coa.account_tag_admin_expenses,l10n_br_coa.account_tag_result"
"coa_simple_3320201","coa_simple_33202","True","3.3.2.02.01","Aluguéis e Arrendamentos","","expense","0","l10n_br_coa.account_tag_admin_expenses,l10n_br_coa.account_tag_result"
"coa_simple_3320202","coa_simple_33202","True","3.3.2.02.02","Condomínios e Estacionamentos","","expense","0","l10n_br_coa.account_tag_admin_expenses,l10n_br_coa.account_tag_result"
"coa_simple_3320203","coa_simple_33202","True","3.3.2.02.03","Despesas com Veículos","","expense","0","l10n_br_coa.account_tag_admin_expenses,l10n_br_coa.account_tag_result"
"coa_simple_3320204","coa_simple_33202","True","3.3.2.02.04","Depreciação","","expense","0","l10n_br_coa.account_tag_admin_expenses,l10n_br_coa.account_tag_result"
"coa_simple_3320205","coa_simple_33202","True","3.3.2.02.05","Amortização","","expense","0","l10n_br_coa.account_tag_admin_expenses,l10n_br_coa.account_tag_result"
"coa_simple_3320206","coa_simple_33202","True","3.3.2.02.06","Serviços Profissionais Contratados","","expense","0","l10n_br_coa.account_tag_admin_expenses,l10n_br_coa.account_tag_result"
"coa_simple_3320207","coa_simple_33202","True","3.3.2.02.07","Energia","","expense","0","l10n_br_coa.account_tag_admin_expenses,l10n_br_coa.account_tag_result"
"coa_simple_3320208","coa_simple_33202","True","3.3.2.02.08","Água e Esgoto","","expense","0","l10n_br_coa.account_tag_admin_expenses,l10n_br_coa.account_tag_result"
"coa_simple_3320209","coa_simple_33202","True","3.3.2.02.09","Telefone e Internet","","expense","0","l10n_br_coa.account_tag_admin_expenses,l10n_br_coa.account_tag_result"
"coa_simple_3320210","coa_simple_33202","True","3.3.2.02.10","Correios e Malotes","","expense","0","l10n_br_coa.account_tag_admin_expenses,l10n_br_coa.account_tag_result"
"coa_simple_3320211","coa_simple_33202","True","3.3.2.02.11","Seguros","","expense","0","l10n_br_coa.account_tag_admin_expenses,l10n_br_coa.account_tag_result"
"coa_simple_3320212","coa_simple_33202","True","3.3.2.02.12","Multas","","expense","0","l10n_br_coa.account_tag_admin_expenses,l10n_br_coa.account_tag_result"
"coa_simple_3320213","coa_simple_33202","True","3.3.2.02.13","Bens de Pequeno Valor","","expense","0","l10n_br_coa.account_tag_admin_expenses,l10n_br_coa.account_tag_result"
"coa_simple_3320214","coa_simple_33202","True","3.3.2.02.14","Material de Escritório","","expense","0","l10n_br_coa.account_tag_admin_expenses,l10n_br_coa.account_tag_result"
"coa_simple_3320301","coa_simple_33203","True","3.3.2.03.01","Taxas e Tributos Municipais","","expense","0","l10n_br_coa.account_tag_admin_expenses,l10n_br_coa.account_tag_result"
"coa_simple_3320302","coa_simple_33203","True","3.3.2.03.02","PIS s/ Outras Receitas","","expense","0","l10n_br_coa.account_tag_admin_expenses,l10n_br_coa.account_tag_result"
"coa_simple_3320303","coa_simple_33203","True","3.3.2.03.03","COFINS s/ Outras Receitas","","expense","0","l10n_br_coa.account_tag_admin_expenses,l10n_br_coa.account_tag_result"
"coa_simple_3390101","coa_simple_33901","True","3.3.9.01.01","Receita na Venda de Imobilizado","","expense","0","l10n_br_coa.account_tag_other_operating_results,l10n_br_coa.account_tag_result"
"coa_simple_3390102","coa_simple_33901","True","3.3.9.01.02","Custo do Imobilizado Baixado","","expense","0","l10n_br_coa.account_tag_other_operating_results,l10n_br_coa.account_tag_result"
"coa_simple_3390201","coa_simple_33902","True","3.3.9.02.01","PECLD","","equity","0","l10n_br_coa.account_tag_other_operating_results,l10n_br_coa.account_tag_result"
"coa_simple_3390202","coa_simple_33902","True","3.3.9.02.02","Perda de recuperabilidade (Impairment)","","equity","0","l10n_br_coa.account_tag_other_operating_results,l10n_br_coa.account_tag_result"
"coa_simple_3390301","coa_simple_33903","True","3.3.9.03.01","Resultado Positivo de Equivalência Patrimonial","","equity","0","l10n_br_coa.account_tag_other_operating_results,l10n_br_coa.account_tag_result"
"coa_simple_3390302","coa_simple_33903","True","3.3.9.03.02","Resultado Negativo de Equivalência Patrimonial","","equity","0","l10n_br_coa.account_tag_other_operating_results,l10n_br_coa.account_tag_result"
"coa_simple_3410101","coa_simple_34101","True","3.4.1.01.01","Juros Passivos","","expense","0","l10n_br_coa.account_tag_expenses_financial,l10n_br_coa.account_tag_result"
"coa_simple_3410102","coa_simple_34101","True","3.4.1.01.02","Despesas Bancárias","","expense","0","l10n_br_coa.account_tag_expenses_financial,l10n_br_coa.account_tag_result"
"coa_simple_3410103","coa_simple_34101","True","3.4.1.01.03","IOF","","expense","0","l10n_br_coa.account_tag_expenses_financial,l10n_br_coa.account_tag_result"
"coa_simple_3410104","coa_simple_34101","True","3.4.1.01.04","Descontos Concedidos","","expense","0","l10n_br_coa.account_tag_expenses_financial,l10n_br_coa.account_tag_result"
"coa_simple_3410105","coa_simple_34101","True","3.4.1.01.05","Variação Cambial Passiva","","expense","0","l10n_br_coa.account_tag_expenses_financial,l10n_br_coa.account_tag_result"
"coa_simple_3410201","coa_simple_34102","True","3.4.1.02.01","Rendimentos de Aplicação Financeira","","income_other","0","l10n_br_coa.account_tag_expenses_financial,l10n_br_coa.account_tag_result"
"coa_simple_3410202","coa_simple_34102","True","3.4.1.02.02","Juros Ativos","","income_other","0","l10n_br_coa.account_tag_expenses_financial,l10n_br_coa.account_tag_result"
"coa_simple_3410203","coa_simple_34102","True","3.4.1.02.03","Descontos Obtidos","","income_other","0","l10n_br_coa.account_tag_expenses_financial,l10n_br_coa.account_tag_result"
"coa_simple_3410204","coa_simple_34102","True","3.4.1.02.04","Variação Cambial Ativa","","income_other","0","l10n_br_coa.account_tag_expenses_financial,l10n_br_coa.account_tag_result"
"coa_simple_3810101","coa_simple_38101","True","3.8.1.01.01","IRPJ Corrente","","equity","0","l10n_br_coa.account_tag_expense_irpj,l10n_br_coa.account_tag_result"
"coa_simple_3810102","coa_simple_38101","True","3.8.1.01.02","CSLL Corrente","","equity","0","l10n_br_coa.account_tag_expense_csll,l10n_br_coa.account_tag_result"
"coa_simple_3810103","coa_simple_38101","True","3.8.1.01.03","IRPJ Diferido","","equity","0","l10n_br_coa.account_tag_expense_irpj,l10n_br_coa.account_tag_result"
"coa_simple_3810104","coa_simple_38101","True","3.8.1.01.04","CSLL Diferido","","equity","0","l10n_br_coa.account_tag_expense_csll,l10n_br_coa.account_tag_result"
