<?xml version="1.0" encoding="utf-8" ?>
<odoo noupdate="1">

    <!-- CNAB 400 -->
    <!-- Banco do Brasil - CNAB 400 - https://www.bb.com.br/docs/pub/emp/empl/dwn/Doc2627CBR641Pos7.pdf -->

    <!-- Codigos de Instrução do Movimento -->
    <record id="brasil_400_instruction_01" model="l10n_br_cnab.mov.instruction.code">
        <field name="name">Registro de títulos</field>
        <field name="code">01</field>
        <field
            name="payment_method_ids"
            eval="[(6,0,[ref('payment_mode_type_cnab400')])]"
        />
        <field name="bank_ids" eval="[(6,0,[ref('l10n_br_base.res_bank_001')])]" />
    </record>

    <record id="brasil_400_instruction_02" model="l10n_br_cnab.mov.instruction.code">
        <field name="name">Solicitação de baixa</field>
        <field name="code">02</field>
        <field
            name="payment_method_ids"
            eval="[(6,0,[ref('payment_mode_type_cnab400')])]"
        />
        <field name="bank_ids" eval="[(6,0,[ref('l10n_br_base.res_bank_001')])]" />
    </record>

    <record id="brasil_400_instruction_03" model="l10n_br_cnab.mov.instruction.code">
        <field name="name">Pedido de débito em conta</field>
        <field name="code">03</field>
        <field
            name="payment_method_ids"
            eval="[(6,0,[ref('payment_mode_type_cnab400')])]"
        />
        <field name="bank_ids" eval="[(6,0,[ref('l10n_br_base.res_bank_001')])]" />
    </record>

    <record id="brasil_400_instruction_04" model="l10n_br_cnab.mov.instruction.code">
        <field name="name">Concessão de abatimento</field>
        <field name="code">04</field>
        <field
            name="payment_method_ids"
            eval="[(6,0,[ref('payment_mode_type_cnab400')])]"
        />
        <field name="bank_ids" eval="[(6,0,[ref('l10n_br_base.res_bank_001')])]" />
    </record>

    <record id="brasil_400_instruction_05" model="l10n_br_cnab.mov.instruction.code">
        <field name="name">Cancelamento de abatimento</field>
        <field name="code">05</field>
        <field
            name="payment_method_ids"
            eval="[(6,0,[ref('payment_mode_type_cnab400')])]"
        />
        <field name="bank_ids" eval="[(6,0,[ref('l10n_br_base.res_bank_001')])]" />
    </record>

    <record id="brasil_400_instruction_06" model="l10n_br_cnab.mov.instruction.code">
        <field name="name">Alteração de vencimento de título</field>
        <field name="code">06</field>
        <field
            name="payment_method_ids"
            eval="[(6,0,[ref('payment_mode_type_cnab400')])]"
        />
        <field name="bank_ids" eval="[(6,0,[ref('l10n_br_base.res_bank_001')])]" />
    </record>

    <record id="brasil_400_instruction_07" model="l10n_br_cnab.mov.instruction.code">
        <field name="name">Alteração do número de controle do participante</field>
        <field name="code">07</field>
        <field
            name="payment_method_ids"
            eval="[(6,0,[ref('payment_mode_type_cnab400')])]"
        />
        <field name="bank_ids" eval="[(6,0,[ref('l10n_br_base.res_bank_001')])]" />
    </record>

    <record id="brasil_400_instruction_08" model="l10n_br_cnab.mov.instruction.code">
        <field name="name">Alteração do número do titulo dado pelo Beneficiário</field>
        <field name="code">08</field>
        <field
            name="payment_method_ids"
            eval="[(6,0,[ref('payment_mode_type_cnab400')])]"
        />
        <field name="bank_ids" eval="[(6,0,[ref('l10n_br_base.res_bank_001')])]" />
    </record>

    <record id="brasil_400_instruction_09" model="l10n_br_cnab.mov.instruction.code">
        <field name="name">Instrução para protestar (Nota 09)</field>
        <field name="code">09</field>
        <field
            name="payment_method_ids"
            eval="[(6,0,[ref('payment_mode_type_cnab400')])]"
        />
        <field name="bank_ids" eval="[(6,0,[ref('l10n_br_base.res_bank_001')])]" />
    </record>

    <record id="brasil_400_instruction_10" model="l10n_br_cnab.mov.instruction.code">
        <field name="name">Instrução para sustar protesto</field>
        <field name="code">10</field>
        <field
            name="payment_method_ids"
            eval="[(6,0,[ref('payment_mode_type_cnab400')])]"
        />
        <field name="bank_ids" eval="[(6,0,[ref('l10n_br_base.res_bank_001')])]" />
    </record>

    <record id="brasil_400_instruction_11" model="l10n_br_cnab.mov.instruction.code">
        <field name="name">Instrução para dispensar juros</field>
        <field name="code">11</field>
        <field
            name="payment_method_ids"
            eval="[(6,0,[ref('payment_mode_type_cnab400')])]"
        />
        <field name="bank_ids" eval="[(6,0,[ref('l10n_br_base.res_bank_001')])]" />
    </record>

    <record id="brasil_400_instruction_12" model="l10n_br_cnab.mov.instruction.code">
        <field name="name">Alteração de nome e endereço do Pagador</field>
        <field name="code">12</field>
        <field
            name="payment_method_ids"
            eval="[(6,0,[ref('payment_mode_type_cnab400')])]"
        />
        <field name="bank_ids" eval="[(6,0,[ref('l10n_br_base.res_bank_001')])]" />
    </record>

    <record id="brasil_400_instruction_16" model="l10n_br_cnab.mov.instruction.code">
        <field name="name">Alterar Juros de Mora (Vide Observações)</field>
        <field name="code">16</field>
        <field
            name="payment_method_ids"
            eval="[(6,0,[ref('payment_mode_type_cnab400')])]"
        />
        <field name="bank_ids" eval="[(6,0,[ref('l10n_br_base.res_bank_001')])]" />
    </record>

    <record id="brasil_400_instruction_31" model="l10n_br_cnab.mov.instruction.code">
        <field name="name">Conceder desconto</field>
        <field name="code">31</field>
        <field
            name="payment_method_ids"
            eval="[(6,0,[ref('payment_mode_type_cnab400')])]"
        />
        <field name="bank_ids" eval="[(6,0,[ref('l10n_br_base.res_bank_001')])]" />
    </record>

    <record id="brasil_400_instruction_32" model="l10n_br_cnab.mov.instruction.code">
        <field name="name">Não conceder desconto</field>
        <field name="code">32</field>
        <field
            name="payment_method_ids"
            eval="[(6,0,[ref('payment_mode_type_cnab400')])]"
        />
        <field name="bank_ids" eval="[(6,0,[ref('l10n_br_base.res_bank_001')])]" />
    </record>

    <record id="brasil_400_instruction_33" model="l10n_br_cnab.mov.instruction.code">
        <field name="name">Retificar dados da concessão de desconto</field>
        <field name="code">33</field>
        <field
            name="payment_method_ids"
            eval="[(6,0,[ref('payment_mode_type_cnab400')])]"
        />
        <field name="bank_ids" eval="[(6,0,[ref('l10n_br_base.res_bank_001')])]" />
    </record>

    <record id="brasil_400_instruction_34" model="l10n_br_cnab.mov.instruction.code">
        <field name="name">Alterar data para concessão de desconto</field>
        <field name="code">34</field>
        <field
            name="payment_method_ids"
            eval="[(6,0,[ref('payment_mode_type_cnab400')])]"
        />
        <field name="bank_ids" eval="[(6,0,[ref('l10n_br_base.res_bank_001')])]" />
    </record>

    <record id="brasil_400_instruction_35" model="l10n_br_cnab.mov.instruction.code">
        <field name="name">Cobrar multa (Nota 11)</field>
        <field name="code">35</field>
        <field
            name="payment_method_ids"
            eval="[(6,0,[ref('payment_mode_type_cnab400')])]"
        />
        <field name="bank_ids" eval="[(6,0,[ref('l10n_br_base.res_bank_001')])]" />
    </record>

    <record id="brasil_400_instruction_36" model="l10n_br_cnab.mov.instruction.code">
        <field name="name">Dispensar multa (Nota 11)</field>
        <field name="code">36</field>
        <field
            name="payment_method_ids"
            eval="[(6,0,[ref('payment_mode_type_cnab400')])]"
        />
        <field name="bank_ids" eval="[(6,0,[ref('l10n_br_base.res_bank_001')])]" />
    </record>

    <record id="brasil_400_instruction_37" model="l10n_br_cnab.mov.instruction.code">
        <field name="name">Dispensar indexador</field>
        <field name="code">37</field>
        <field
            name="payment_method_ids"
            eval="[(6,0,[ref('payment_mode_type_cnab400')])]"
        />
        <field name="bank_ids" eval="[(6,0,[ref('l10n_br_base.res_bank_001')])]" />
    </record>

    <record id="brasil_400_instruction_38" model="l10n_br_cnab.mov.instruction.code">
        <field name="name">Dispensar prazo limite de recebimento (Nota 11)</field>
        <field name="code">38</field>
        <field
            name="payment_method_ids"
            eval="[(6,0,[ref('payment_mode_type_cnab400')])]"
        />
        <field name="bank_ids" eval="[(6,0,[ref('l10n_br_base.res_bank_001')])]" />
    </record>

    <record id="brasil_400_instruction_39" model="l10n_br_cnab.mov.instruction.code">
        <field name="name">Alterar prazo limite de recebimento (Nota 11)</field>
        <field name="code">39</field>
        <field
            name="payment_method_ids"
            eval="[(6,0,[ref('payment_mode_type_cnab400')])]"
        />
        <field name="bank_ids" eval="[(6,0,[ref('l10n_br_base.res_bank_001')])]" />
    </record>

    <record id="brasil_400_instruction_40" model="l10n_br_cnab.mov.instruction.code">
        <field name="name">Alterar modalidade (Vide Observações)</field>
        <field name="code">40</field>
        <field
            name="payment_method_ids"
            eval="[(6,0,[ref('payment_mode_type_cnab400')])]"
        />
        <field name="bank_ids" eval="[(6,0,[ref('l10n_br_base.res_bank_001')])]" />
    </record>

    <record id="brasil_400_instruction_47" model="l10n_br_cnab.mov.instruction.code">
        <field name="name">Alteração de Valor Nominal do Boleto</field>
        <field name="code">47</field>
        <field
            name="payment_method_ids"
            eval="[(6,0,[ref('payment_mode_type_cnab400')])]"
        />
        <field name="bank_ids" eval="[(6,0,[ref('l10n_br_base.res_bank_001')])]" />
    </record>

    <record id="brasil_400_instruction_85" model="l10n_br_cnab.mov.instruction.code">
        <field
            name="name"
        >Inclusão de Negativação Sem Protesto (campo “Seu número” diferencia a negativação para o mesmo pagador) (Nota 09)</field>
        <field name="code">85</field>
        <field
            name="payment_method_ids"
            eval="[(6,0,[ref('payment_mode_type_cnab400')])]"
        />
        <field name="bank_ids" eval="[(6,0,[ref('l10n_br_base.res_bank_001')])]" />
    </record>

    <record id="brasil_400_instruction_86" model="l10n_br_cnab.mov.instruction.code">
        <field name="name">Exclusão de Negativação Sem Protesto (Nota 09)</field>
        <field name="code">86</field>
        <field
            name="payment_method_ids"
            eval="[(6,0,[ref('payment_mode_type_cnab400')])]"
        />
        <field name="bank_ids" eval="[(6,0,[ref('l10n_br_base.res_bank_001')])]" />
    </record>

    <!-- Codigo de Retorno do Movimento -->
    <record id="brasil_400_return_02" model="l10n_br_cnab.return.move.code">
        <field name="name">Confirmação de Entrada de Boleto</field>
        <field name="code">02</field>
        <field name="bank_ids" eval="[(6,0,[ref('l10n_br_base.res_bank_001')])]" />
        <field
            name="payment_method_ids"
            eval="[(6,0,[ref('payment_mode_type_cnab400')])]"
        />
    </record>

    <record id="brasil_400_return_03" model="l10n_br_cnab.return.move.code">
        <field name="name">Comando recusado (Motivo indicado na posição 087/088)</field>
        <field name="code">03</field>
        <field name="bank_ids" eval="[(6,0,[ref('l10n_br_base.res_bank_001')])]" />
        <field
            name="payment_method_ids"
            eval="[(6,0,[ref('payment_mode_type_cnab400')])]"
        />
    </record>

    <record id="brasil_400_return_05" model="l10n_br_cnab.return.move.code">
        <field name="name">Liquidado sem registro (carteira 17-tipo4)</field>
        <field name="code">05</field>
        <field name="bank_ids" eval="[(6,0,[ref('l10n_br_base.res_bank_001')])]" />
        <field
            name="payment_method_ids"
            eval="[(6,0,[ref('payment_mode_type_cnab400')])]"
        />
    </record>

    <record id="brasil_400_return_06" model="l10n_br_cnab.return.move.code">
        <field name="name">Liquidação Normal)</field>
        <field name="code">06</field>
        <field name="bank_ids" eval="[(6,0,[ref('l10n_br_base.res_bank_001')])]" />
        <field
            name="payment_method_ids"
            eval="[(6,0,[ref('payment_mode_type_cnab400')])]"
        />
    </record>

    <record id="brasil_400_return_07" model="l10n_br_cnab.return.move.code">
        <field name="name">Liquidação por Conta/Parcial</field>
        <field name="code">07</field>
        <field name="bank_ids" eval="[(6,0,[ref('l10n_br_base.res_bank_001')])]" />
        <field
            name="payment_method_ids"
            eval="[(6,0,[ref('payment_mode_type_cnab400')])]"
        />
    </record>

    <record id="brasil_400_return_08" model="l10n_br_cnab.return.move.code">
        <field name="name">Liquidação por Saldo</field>
        <field name="code">08</field>
        <field name="bank_ids" eval="[(6,0,[ref('l10n_br_base.res_bank_001')])]" />
        <field
            name="payment_method_ids"
            eval="[(6,0,[ref('payment_mode_type_cnab400')])]"
        />
    </record>

    <record id="brasil_400_return_09" model="l10n_br_cnab.return.move.code">
        <field name="name">Baixa de Titulo</field>
        <field name="code">09</field>
        <field name="bank_ids" eval="[(6,0,[ref('l10n_br_base.res_bank_001')])]" />
        <field
            name="payment_method_ids"
            eval="[(6,0,[ref('payment_mode_type_cnab400')])]"
        />
    </record>

    <record id="brasil_400_return_10" model="l10n_br_cnab.return.move.code">
        <field name="name">Baixa Solicitada</field>
        <field name="code">10</field>
        <field name="bank_ids" eval="[(6,0,[ref('l10n_br_base.res_bank_001')])]" />
        <field
            name="payment_method_ids"
            eval="[(6,0,[ref('payment_mode_type_cnab400')])]"
        />
    </record>

    <record id="brasil_400_return_11" model="l10n_br_cnab.return.move.code">
        <field
            name="name"
        >Boletos em Ser (constara somente do arquivo de existência de cobrança, fornecido mediante solicitação do cliente)</field>
        <field name="code">11</field>
        <field name="bank_ids" eval="[(6,0,[ref('l10n_br_base.res_bank_001')])]" />
        <field
            name="payment_method_ids"
            eval="[(6,0,[ref('payment_mode_type_cnab400')])]"
        />
    </record>

    <record id="brasil_400_return_12" model="l10n_br_cnab.return.move.code">
        <field name="name">Abatimento Concedido</field>
        <field name="code">12</field>
        <field name="bank_ids" eval="[(6,0,[ref('l10n_br_base.res_bank_001')])]" />
        <field
            name="payment_method_ids"
            eval="[(6,0,[ref('payment_mode_type_cnab400')])]"
        />
    </record>

    <record id="brasil_400_return_13" model="l10n_br_cnab.return.move.code">
        <field name="name">Abatimento Cancelado</field>
        <field name="code">13</field>
        <field name="bank_ids" eval="[(6,0,[ref('l10n_br_base.res_bank_001')])]" />
        <field
            name="payment_method_ids"
            eval="[(6,0,[ref('payment_mode_type_cnab400')])]"
        />
    </record>

    <record id="brasil_400_return_14" model="l10n_br_cnab.return.move.code">
        <field name="name">Alteração de Vencimento do boleto</field>
        <field name="code">14</field>
        <field name="bank_ids" eval="[(6,0,[ref('l10n_br_base.res_bank_001')])]" />
        <field
            name="payment_method_ids"
            eval="[(6,0,[ref('payment_mode_type_cnab400')])]"
        />
    </record>

    <record id="brasil_400_return_15" model="l10n_br_cnab.return.move.code">
        <field name="name">Liquidação em Cartório</field>
        <field name="code">15</field>
        <field name="bank_ids" eval="[(6,0,[ref('l10n_br_base.res_bank_001')])]" />
        <field
            name="payment_method_ids"
            eval="[(6,0,[ref('payment_mode_type_cnab400')])]"
        />
    </record>

    <record id="brasil_400_return_16" model="l10n_br_cnab.return.move.code">
        <field name="name">Confirmação de alteração de juros de mora</field>
        <field name="code">16</field>
        <field name="bank_ids" eval="[(6,0,[ref('l10n_br_base.res_bank_001')])]" />
        <field
            name="payment_method_ids"
            eval="[(6,0,[ref('payment_mode_type_cnab400')])]"
        />
    </record>

    <record id="brasil_400_return_19" model="l10n_br_cnab.return.move.code">
        <field
            name="name"
        >Confirmação de recebimento de instruções para protesto</field>
        <field name="code">19</field>
        <field name="bank_ids" eval="[(6,0,[ref('l10n_br_base.res_bank_001')])]" />
        <field
            name="payment_method_ids"
            eval="[(6,0,[ref('payment_mode_type_cnab400')])]"
        />
    </record>

    <record id="brasil_400_return_20" model="l10n_br_cnab.return.move.code">
        <field name="name">Débito em Conta</field>
        <field name="code">20</field>
        <field name="bank_ids" eval="[(6,0,[ref('l10n_br_base.res_bank_001')])]" />
        <field
            name="payment_method_ids"
            eval="[(6,0,[ref('payment_mode_type_cnab400')])]"
        />
    </record>

    <record id="brasil_400_return_21" model="l10n_br_cnab.return.move.code">
        <field name="name">Alteração do Nome do Sacado</field>
        <field name="code">21</field>
        <field name="bank_ids" eval="[(6,0,[ref('l10n_br_base.res_bank_001')])]" />
        <field
            name="payment_method_ids"
            eval="[(6,0,[ref('payment_mode_type_cnab400')])]"
        />
    </record>

    <record id="brasil_400_return_22" model="l10n_br_cnab.return.move.code">
        <field name="name">Alteração do Endereço do Sacado</field>
        <field name="code">22</field>
        <field name="bank_ids" eval="[(6,0,[ref('l10n_br_base.res_bank_001')])]" />
        <field
            name="payment_method_ids"
            eval="[(6,0,[ref('payment_mode_type_cnab400')])]"
        />
    </record>

    <record id="brasil_400_return_23" model="l10n_br_cnab.return.move.code">
        <field name="name">Indicação de encaminhamento a cartório</field>
        <field name="code">23</field>
        <field name="bank_ids" eval="[(6,0,[ref('l10n_br_base.res_bank_001')])]" />
        <field
            name="payment_method_ids"
            eval="[(6,0,[ref('payment_mode_type_cnab400')])]"
        />
    </record>

    <record id="brasil_400_return_24" model="l10n_br_cnab.return.move.code">
        <field name="name">Sustar Protesto</field>
        <field name="code">24</field>
        <field name="bank_ids" eval="[(6,0,[ref('l10n_br_base.res_bank_001')])]" />
        <field
            name="payment_method_ids"
            eval="[(6,0,[ref('payment_mode_type_cnab400')])]"
        />
    </record>

    <record id="brasil_400_return_25" model="l10n_br_cnab.return.move.code">
        <field name="name">Dispensar Juros de mora</field>
        <field name="code">25</field>
        <field name="bank_ids" eval="[(6,0,[ref('l10n_br_base.res_bank_001')])]" />
        <field
            name="payment_method_ids"
            eval="[(6,0,[ref('payment_mode_type_cnab400')])]"
        />
    </record>

    <record id="brasil_400_return_26" model="l10n_br_cnab.return.move.code">
        <field
            name="name"
        >Alteração do número do boleto dado pelo Cedente (Seu número) – 10 e 15 posições</field>
        <field name="code">26</field>
        <field name="bank_ids" eval="[(6,0,[ref('l10n_br_base.res_bank_001')])]" />
        <field
            name="payment_method_ids"
            eval="[(6,0,[ref('payment_mode_type_cnab400')])]"
        />
    </record>

    <record id="brasil_400_return_28" model="l10n_br_cnab.return.move.code">
        <field name="name">Manutenção de titulo vencido</field>
        <field name="code">28</field>
        <field name="bank_ids" eval="[(6,0,[ref('l10n_br_base.res_bank_001')])]" />
        <field
            name="payment_method_ids"
            eval="[(6,0,[ref('payment_mode_type_cnab400')])]"
        />
    </record>

    <record id="brasil_400_return_31" model="l10n_br_cnab.return.move.code">
        <field name="name">Conceder desconto</field>
        <field name="code">31</field>
        <field name="bank_ids" eval="[(6,0,[ref('l10n_br_base.res_bank_001')])]" />
        <field
            name="payment_method_ids"
            eval="[(6,0,[ref('payment_mode_type_cnab400')])]"
        />
    </record>

    <record id="brasil_400_return_32" model="l10n_br_cnab.return.move.code">
        <field name="name">Não conceder desconto</field>
        <field name="code">32</field>
        <field name="bank_ids" eval="[(6,0,[ref('l10n_br_base.res_bank_001')])]" />
        <field
            name="payment_method_ids"
            eval="[(6,0,[ref('payment_mode_type_cnab400')])]"
        />
    </record>

    <record id="brasil_400_return_33" model="l10n_br_cnab.return.move.code">
        <field name="name">Retificar desconto</field>
        <field name="code">33</field>
        <field name="bank_ids" eval="[(6,0,[ref('l10n_br_base.res_bank_001')])]" />
        <field
            name="payment_method_ids"
            eval="[(6,0,[ref('payment_mode_type_cnab400')])]"
        />
    </record>

    <record id="brasil_400_return_35" model="l10n_br_cnab.return.move.code">
        <field name="name">Cobrar Multa</field>
        <field name="code">35</field>
        <field name="bank_ids" eval="[(6,0,[ref('l10n_br_base.res_bank_001')])]" />
        <field
            name="payment_method_ids"
            eval="[(6,0,[ref('payment_mode_type_cnab400')])]"
        />
    </record>

    <record id="brasil_400_return_36" model="l10n_br_cnab.return.move.code">
        <field name="name">Dispensar Multa</field>
        <field name="code">36</field>
        <field name="bank_ids" eval="[(6,0,[ref('l10n_br_base.res_bank_001')])]" />
        <field
            name="payment_method_ids"
            eval="[(6,0,[ref('payment_mode_type_cnab400')])]"
        />
    </record>

    <record id="brasil_400_return_37" model="l10n_br_cnab.return.move.code">
        <field name="name">Dispensar Indexador</field>
        <field name="code">37</field>
        <field name="bank_ids" eval="[(6,0,[ref('l10n_br_base.res_bank_001')])]" />
        <field
            name="payment_method_ids"
            eval="[(6,0,[ref('payment_mode_type_cnab400')])]"
        />
    </record>

    <record id="brasil_400_return_38" model="l10n_br_cnab.return.move.code">
        <field name="name">Dispensar prazo limite para recebimento</field>
        <field name="code">38</field>
        <field name="bank_ids" eval="[(6,0,[ref('l10n_br_base.res_bank_001')])]" />
        <field
            name="payment_method_ids"
            eval="[(6,0,[ref('payment_mode_type_cnab400')])]"
        />
    </record>

    <record id="brasil_400_return_39" model="l10n_br_cnab.return.move.code">
        <field name="name">Alterar prazo limite para recebimento</field>
        <field name="code">39</field>
        <field name="bank_ids" eval="[(6,0,[ref('l10n_br_base.res_bank_001')])]" />
        <field
            name="payment_method_ids"
            eval="[(6,0,[ref('payment_mode_type_cnab400')])]"
        />
    </record>

    <record id="brasil_400_return_41" model="l10n_br_cnab.return.move.code">
        <field
            name="name"
        >Alteração do número do controle do participante (25 posições)</field>
        <field name="code">41</field>
        <field name="bank_ids" eval="[(6,0,[ref('l10n_br_base.res_bank_001')])]" />
        <field
            name="payment_method_ids"
            eval="[(6,0,[ref('payment_mode_type_cnab400')])]"
        />
    </record>

    <record id="brasil_400_return_42" model="l10n_br_cnab.return.move.code">
        <field name="name">Alteração do número do documento do sacado (CNPJ/CPF)</field>
        <field name="code">42</field>
        <field name="bank_ids" eval="[(6,0,[ref('l10n_br_base.res_bank_001')])]" />
        <field
            name="payment_method_ids"
            eval="[(6,0,[ref('payment_mode_type_cnab400')])]"
        />
    </record>

    <record id="brasil_400_return_44" model="l10n_br_cnab.return.move.code">
        <field name="name">Boleto pago com cheque devolvido)</field>
        <field name="code">44</field>
        <field name="bank_ids" eval="[(6,0,[ref('l10n_br_base.res_bank_001')])]" />
        <field
            name="payment_method_ids"
            eval="[(6,0,[ref('payment_mode_type_cnab400')])]"
        />
    </record>

    <record id="brasil_400_return_46" model="l10n_br_cnab.return.move.code">
        <field name="name">Boleto pago com cheque, aguardando compensação)</field>
        <field name="code">46</field>
        <field name="bank_ids" eval="[(6,0,[ref('l10n_br_base.res_bank_001')])]" />
        <field
            name="payment_method_ids"
            eval="[(6,0,[ref('payment_mode_type_cnab400')])]"
        />
    </record>

    <record id="brasil_400_return_47" model="l10n_br_cnab.return.move.code">
        <field name="name">Alteração de valor nominal do boleto</field>
        <field name="code">47</field>
        <field name="bank_ids" eval="[(6,0,[ref('l10n_br_base.res_bank_001')])]" />
        <field
            name="payment_method_ids"
            eval="[(6,0,[ref('payment_mode_type_cnab400')])]"
        />
    </record>

    <record id="brasil_400_return_61" model="l10n_br_cnab.return.move.code">
        <field name="name">Registrado QR Code Pix</field>
        <field name="code">61</field>
        <field name="bank_ids" eval="[(6,0,[ref('l10n_br_base.res_bank_001')])]" />
        <field
            name="payment_method_ids"
            eval="[(6,0,[ref('payment_mode_type_cnab400')])]"
        />
    </record>

    <record id="brasil_400_return_72" model="l10n_br_cnab.return.move.code">
        <field
            name="name"
        >Alteração de tipo de cobrança (específico para boletos das carteiras 11 e 17)</field>
        <field name="code">72</field>
        <field name="bank_ids" eval="[(6,0,[ref('l10n_br_base.res_bank_001')])]" />
        <field
            name="payment_method_ids"
            eval="[(6,0,[ref('payment_mode_type_cnab400')])]"
        />
    </record>

    <record id="brasil_400_return_73" model="l10n_br_cnab.return.move.code">
        <field
            name="name"
        >Confirmação de Instrução de Parâmetro de Pagamento Parcial</field>
        <field name="code">73</field>
        <field name="bank_ids" eval="[(6,0,[ref('l10n_br_base.res_bank_001')])]" />
        <field
            name="payment_method_ids"
            eval="[(6,0,[ref('payment_mode_type_cnab400')])]"
        />
    </record>

    <record id="brasil_400_return_85" model="l10n_br_cnab.return.move.code">
        <field name="name">Inclusão de Negativação</field>
        <field name="code">85</field>
        <field name="bank_ids" eval="[(6,0,[ref('l10n_br_base.res_bank_001')])]" />
        <field
            name="payment_method_ids"
            eval="[(6,0,[ref('payment_mode_type_cnab400')])]"
        />
    </record>

    <record id="brasil_400_return_86" model="l10n_br_cnab.return.move.code">
        <field name="name">Exclusão de Negativação</field>
        <field name="code">86</field>
        <field name="bank_ids" eval="[(6,0,[ref('l10n_br_base.res_bank_001')])]" />
        <field
            name="payment_method_ids"
            eval="[(6,0,[ref('payment_mode_type_cnab400')])]"
        />
    </record>

    <record id="brasil_400_return_93" model="l10n_br_cnab.return.move.code">
        <field name="name">Baixa Operacional</field>
        <field name="code">93</field>
        <field name="bank_ids" eval="[(6,0,[ref('l10n_br_base.res_bank_001')])]" />
        <field
            name="payment_method_ids"
            eval="[(6,0,[ref('payment_mode_type_cnab400')])]"
        />
    </record>

    <record id="brasil_400_return_96" model="l10n_br_cnab.return.move.code">
        <field name="name">Despesas de Protesto</field>
        <field name="code">96</field>
        <field name="bank_ids" eval="[(6,0,[ref('l10n_br_base.res_bank_001')])]" />
        <field
            name="payment_method_ids"
            eval="[(6,0,[ref('payment_mode_type_cnab400')])]"
        />
    </record>

    <record id="brasil_400_return_97" model="l10n_br_cnab.return.move.code">
        <field name="name">Despesas de Sustação de Protesto</field>
        <field name="code">97</field>
        <field name="bank_ids" eval="[(6,0,[ref('l10n_br_base.res_bank_001')])]" />
        <field
            name="payment_method_ids"
            eval="[(6,0,[ref('payment_mode_type_cnab400')])]"
        />
    </record>

    <record id="brasil_400_return_98" model="l10n_br_cnab.return.move.code">
        <field name="name">Débito de Custas Antecipadas</field>
        <field name="code">98</field>
        <field name="bank_ids" eval="[(6,0,[ref('l10n_br_base.res_bank_001')])]" />
        <field
            name="payment_method_ids"
            eval="[(6,0,[ref('payment_mode_type_cnab400')])]"
        />
    </record>

</odoo>
