<?xml version="1.0" encoding="utf-8" ?>
<odoo noupdate="1">

    <!-- CNAB 240 -->
    <!-- Banco Bradesco CNAB 240 - https://banco.bradesco/assets/pessoajuridica/pdf/4008-523-0687-layout-multipag.pdf -->

    <!-- Codigos de Instrução do Movimento -->
    <record id="bradesco_240_instruction_01" model="l10n_br_cnab.mov.instruction.code">
        <field name="name">Entrada de Títulos</field>
        <field name="code">01</field>
        <field
            name="payment_method_ids"
            eval="[(6,0,[ref('payment_mode_type_cnab240')])]"
        />
        <field name="bank_ids" eval="[(6,0,[ref('l10n_br_base.res_bank_237')])]" />
    </record>

    <record id="bradesco_240_instruction_02" model="l10n_br_cnab.mov.instruction.code">
        <field name="name">Pedido de Baixa</field>
        <field name="code">02</field>
        <field
            name="payment_method_ids"
            eval="[(6,0,[ref('payment_mode_type_cnab240')])]"
        />
        <field name="bank_ids" eval="[(6,0,[ref('l10n_br_base.res_bank_237')])]" />
    </record>

    <record id="bradesco_240_instruction_03" model="l10n_br_cnab.mov.instruction.code">
        <field name="name">Protesto para Fins Falimentares</field>
        <field name="code">03</field>
        <field
            name="payment_method_ids"
            eval="[(6,0,[ref('payment_mode_type_cnab240')])]"
        />
        <field name="bank_ids" eval="[(6,0,[ref('l10n_br_base.res_bank_237')])]" />
    </record>

    <record id="bradesco_240_instruction_04" model="l10n_br_cnab.mov.instruction.code">
        <field name="name">Concessão de Abatimento</field>
        <field name="code">04</field>
        <field
            name="payment_method_ids"
            eval="[(6,0,[ref('payment_mode_type_cnab240')])]"
        />
        <field name="bank_ids" eval="[(6,0,[ref('l10n_br_base.res_bank_237')])]" />
    </record>

    <record id="bradesco_240_instruction_05" model="l10n_br_cnab.mov.instruction.code">
        <field name="name">Cancelamento de Abatimento</field>
        <field name="code">05</field>
        <field
            name="payment_method_ids"
            eval="[(6,0,[ref('payment_mode_type_cnab240')])]"
        />
        <field name="bank_ids" eval="[(6,0,[ref('l10n_br_base.res_bank_237')])]" />
    </record>

    <record id="bradesco_240_instruction_06" model="l10n_br_cnab.mov.instruction.code">
        <field name="name">Alteração de Vencimento</field>
        <field name="code">06</field>
        <field
            name="payment_method_ids"
            eval="[(6,0,[ref('payment_mode_type_cnab240')])]"
        />
        <field name="bank_ids" eval="[(6,0,[ref('l10n_br_base.res_bank_237')])]" />
    </record>

    <record id="bradesco_240_instruction_07" model="l10n_br_cnab.mov.instruction.code">
        <field name="name">Concessão de Desconto</field>
        <field name="code">07</field>
        <field
            name="payment_method_ids"
            eval="[(6,0,[ref('payment_mode_type_cnab240')])]"
        />
        <field name="bank_ids" eval="[(6,0,[ref('l10n_br_base.res_bank_237')])]" />
    </record>

    <record id="bradesco_240_instruction_08" model="l10n_br_cnab.mov.instruction.code">
        <field name="name">Cancelamento de Desconto</field>
        <field name="code">08</field>
        <field
            name="payment_method_ids"
            eval="[(6,0,[ref('payment_mode_type_cnab240')])]"
        />
        <field name="bank_ids" eval="[(6,0,[ref('l10n_br_base.res_bank_237')])]" />
    </record>

    <record id="bradesco_240_instruction_09" model="l10n_br_cnab.mov.instruction.code">
        <field name="name">Protestar</field>
        <field name="code">09</field>
        <field
            name="payment_method_ids"
            eval="[(6,0,[ref('payment_mode_type_cnab240')])]"
        />
        <field name="bank_ids" eval="[(6,0,[ref('l10n_br_base.res_bank_237')])]" />
    </record>

    <record id="bradesco_240_instruction_10" model="l10n_br_cnab.mov.instruction.code">
        <field name="name">Sustar Protesto e Baixar Título</field>
        <field name="code">10</field>
        <field
            name="payment_method_ids"
            eval="[(6,0,[ref('payment_mode_type_cnab240')])]"
        />
        <field name="bank_ids" eval="[(6,0,[ref('l10n_br_base.res_bank_237')])]" />
    </record>

    <record id="bradesco_240_instruction_11" model="l10n_br_cnab.mov.instruction.code">
        <field name="name">Sustar Protesto e Manter em Carteira</field>
        <field name="code">11</field>
        <field
            name="payment_method_ids"
            eval="[(6,0,[ref('payment_mode_type_cnab240')])]"
        />
        <field name="bank_ids" eval="[(6,0,[ref('l10n_br_base.res_bank_237')])]" />
    </record>

    <record id="bradesco_240_instruction_12" model="l10n_br_cnab.mov.instruction.code">
        <field name="name">Alteração de Juros de Mora</field>
        <field name="code">12</field>
        <field
            name="payment_method_ids"
            eval="[(6,0,[ref('payment_mode_type_cnab240')])]"
        />
        <field name="bank_ids" eval="[(6,0,[ref('l10n_br_base.res_bank_237')])]" />
    </record>

    <record id="bradesco_240_instruction_13" model="l10n_br_cnab.mov.instruction.code">
        <field name="name">Dispensar Cobrança de Juros de Mora</field>
        <field name="code">13</field>
        <field
            name="payment_method_ids"
            eval="[(6,0,[ref('payment_mode_type_cnab240')])]"
        />
        <field name="bank_ids" eval="[(6,0,[ref('l10n_br_base.res_bank_237')])]" />
    </record>

    <record id="bradesco_240_instruction_14" model="l10n_br_cnab.mov.instruction.code">
        <field name="name">Alteração de Valor/Percentual de Multa</field>
        <field name="code">14</field>
        <field
            name="payment_method_ids"
            eval="[(6,0,[ref('payment_mode_type_cnab240')])]"
        />
        <field name="bank_ids" eval="[(6,0,[ref('l10n_br_base.res_bank_237')])]" />
    </record>

    <record id="bradesco_240_instruction_15" model="l10n_br_cnab.mov.instruction.code">
        <field name="name">Dispensar Cobrança de Multa</field>
        <field name="code">15</field>
        <field
            name="payment_method_ids"
            eval="[(6,0,[ref('payment_mode_type_cnab240')])]"
        />
        <field name="bank_ids" eval="[(6,0,[ref('l10n_br_base.res_bank_237')])]" />
    </record>

    <record id="bradesco_240_instruction_16" model="l10n_br_cnab.mov.instruction.code">
        <field name="name">Alteração do Valor de Desconto</field>
        <field name="code">16</field>
        <field
            name="payment_method_ids"
            eval="[(6,0,[ref('payment_mode_type_cnab240')])]"
        />
        <field name="bank_ids" eval="[(6,0,[ref('l10n_br_base.res_bank_237')])]" />
    </record>

    <record id="bradesco_240_instruction_17" model="l10n_br_cnab.mov.instruction.code">
        <field name="name">Não conceder Desconto</field>
        <field name="code">17</field>
        <field
            name="payment_method_ids"
            eval="[(6,0,[ref('payment_mode_type_cnab240')])]"
        />
        <field name="bank_ids" eval="[(6,0,[ref('l10n_br_base.res_bank_237')])]" />
    </record>

    <record id="bradesco_240_instruction_18" model="l10n_br_cnab.mov.instruction.code">
        <field name="name">Alteração do Valor de Abatimento</field>
        <field name="code">18</field>
        <field
            name="payment_method_ids"
            eval="[(6,0,[ref('payment_mode_type_cnab240')])]"
        />
        <field name="bank_ids" eval="[(6,0,[ref('l10n_br_base.res_bank_237')])]" />
    </record>

    <record id="bradesco_240_instruction_19" model="l10n_br_cnab.mov.instruction.code">
        <field name="name">Prazo Limite de Recebimento - Alterar</field>
        <field name="code">19</field>
        <field
            name="payment_method_ids"
            eval="[(6,0,[ref('payment_mode_type_cnab240')])]"
        />
        <field name="bank_ids" eval="[(6,0,[ref('l10n_br_base.res_bank_237')])]" />
    </record>

    <record id="bradesco_240_instruction_20" model="l10n_br_cnab.mov.instruction.code">
        <field name="name">Prazo Limite de Recebimento - Dispensar</field>
        <field name="code">20</field>
        <field
            name="payment_method_ids"
            eval="[(6,0,[ref('payment_mode_type_cnab240')])]"
        />
        <field name="bank_ids" eval="[(6,0,[ref('l10n_br_base.res_bank_237')])]" />
    </record>

    <record id="bradesco_240_instruction_21" model="l10n_br_cnab.mov.instruction.code">
        <field name="name">Alterar número do título dado pelo cedente</field>
        <field name="code">21</field>
        <field
            name="payment_method_ids"
            eval="[(6,0,[ref('payment_mode_type_cnab240')])]"
        />
        <field name="bank_ids" eval="[(6,0,[ref('l10n_br_base.res_bank_237')])]" />
    </record>

    <record id="bradesco_240_instruction_22" model="l10n_br_cnab.mov.instruction.code">
        <field name="name">Alterar número controle do Participante</field>
        <field name="code">22</field>
        <field
            name="payment_method_ids"
            eval="[(6,0,[ref('payment_mode_type_cnab240')])]"
        />
        <field name="bank_ids" eval="[(6,0,[ref('l10n_br_base.res_bank_237')])]" />
    </record>

    <record id="bradesco_240_instruction_23" model="l10n_br_cnab.mov.instruction.code">
        <field name="name">Alterar dados do Sacado</field>
        <field name="code">23</field>
        <field
            name="payment_method_ids"
            eval="[(6,0,[ref('payment_mode_type_cnab240')])]"
        />
        <field name="bank_ids" eval="[(6,0,[ref('l10n_br_base.res_bank_237')])]" />
    </record>

    <record id="bradesco_240_instruction_24" model="l10n_br_cnab.mov.instruction.code">
        <field name="name">Alterar dados do Sacador/Avalista</field>
        <field name="code">24</field>
        <field
            name="payment_method_ids"
            eval="[(6,0,[ref('payment_mode_type_cnab240')])]"
        />
        <field name="bank_ids" eval="[(6,0,[ref('l10n_br_base.res_bank_237')])]" />
    </record>

    <record id="bradesco_240_instruction_30" model="l10n_br_cnab.mov.instruction.code">
        <field name="name">Recusa da Alegação do Sacado</field>
        <field name="code">30</field>
        <field
            name="payment_method_ids"
            eval="[(6,0,[ref('payment_mode_type_cnab240')])]"
        />
        <field name="bank_ids" eval="[(6,0,[ref('l10n_br_base.res_bank_237')])]" />
    </record>

    <record id="bradesco_240_instruction_31" model="l10n_br_cnab.mov.instruction.code">
        <field name="name">Alteração de Outros Dados</field>
        <field name="code">31</field>
        <field
            name="payment_method_ids"
            eval="[(6,0,[ref('payment_mode_type_cnab240')])]"
        />
        <field name="bank_ids" eval="[(6,0,[ref('l10n_br_base.res_bank_237')])]" />
    </record>

    <record id="bradesco_240_instruction_33" model="l10n_br_cnab.mov.instruction.code">
        <field name="name">Alteração dos Dados do Rateio de Crédito</field>
        <field name="code">33</field>
        <field
            name="payment_method_ids"
            eval="[(6,0,[ref('payment_mode_type_cnab240')])]"
        />
        <field name="bank_ids" eval="[(6,0,[ref('l10n_br_base.res_bank_237')])]" />
    </record>

    <record id="bradesco_240_instruction_34" model="l10n_br_cnab.mov.instruction.code">
        <field name="name">Pedido de Cancelamento dos Dados do Rateio de Crédito</field>
        <field name="code">34</field>
        <field
            name="payment_method_ids"
            eval="[(6,0,[ref('payment_mode_type_cnab240')])]"
        />
        <field name="bank_ids" eval="[(6,0,[ref('l10n_br_base.res_bank_237')])]" />
    </record>

    <record id="bradesco_240_instruction_35" model="l10n_br_cnab.mov.instruction.code">
        <field name="name">Pedido de Desagendamento do Débito Automático</field>
        <field name="code">35</field>
        <field
            name="payment_method_ids"
            eval="[(6,0,[ref('payment_mode_type_cnab240')])]"
        />
        <field name="bank_ids" eval="[(6,0,[ref('l10n_br_base.res_bank_237')])]" />
    </record>

    <record id="bradesco_240_instruction_40" model="l10n_br_cnab.mov.instruction.code">
        <field name="name">Alteração de Carteira</field>
        <field name="code">40</field>
        <field
            name="payment_method_ids"
            eval="[(6,0,[ref('payment_mode_type_cnab240')])]"
        />
        <field name="bank_ids" eval="[(6,0,[ref('l10n_br_base.res_bank_237')])]" />
    </record>

    <record id="bradesco_240_instruction_41" model="l10n_br_cnab.mov.instruction.code">
        <field name="name">Cancelar protesto</field>
        <field name="code">41</field>
        <field
            name="payment_method_ids"
            eval="[(6,0,[ref('payment_mode_type_cnab240')])]"
        />
        <field name="bank_ids" eval="[(6,0,[ref('l10n_br_base.res_bank_237')])]" />
    </record>

    <record id="bradesco_240_instruction_42" model="l10n_br_cnab.mov.instruction.code">
        <field name="name">Alteração de Espécie de Título</field>
        <field name="code">42</field>
        <field
            name="payment_method_ids"
            eval="[(6,0,[ref('payment_mode_type_cnab240')])]"
        />
        <field name="bank_ids" eval="[(6,0,[ref('l10n_br_base.res_bank_237')])]" />
    </record>

    <record id="bradesco_240_instruction_43" model="l10n_br_cnab.mov.instruction.code">
        <field name="name">Transferência de carteira/modalidade de cobrança</field>
        <field name="code">43</field>
        <field
            name="payment_method_ids"
            eval="[(6,0,[ref('payment_mode_type_cnab240')])]"
        />
        <field name="bank_ids" eval="[(6,0,[ref('l10n_br_base.res_bank_237')])]" />
    </record>

    <record id="bradesco_240_instruction_44" model="l10n_br_cnab.mov.instruction.code">
        <field name="name">Alteração de contrato de cobrança</field>
        <field name="code">44</field>
        <field
            name="payment_method_ids"
            eval="[(6,0,[ref('payment_mode_type_cnab240')])]"
        />
        <field name="bank_ids" eval="[(6,0,[ref('l10n_br_base.res_bank_237')])]" />
    </record>

    <record id="bradesco_240_instruction_45" model="l10n_br_cnab.mov.instruction.code">
        <field name="name">Negativação Sem Protesto</field>
        <field name="code">45</field>
        <field
            name="payment_method_ids"
            eval="[(6,0,[ref('payment_mode_type_cnab240')])]"
        />
        <field name="bank_ids" eval="[(6,0,[ref('l10n_br_base.res_bank_237')])]" />
    </record>

    <record id="bradesco_240_instruction_46" model="l10n_br_cnab.mov.instruction.code">
        <field
            name="name"
        >Solicitação de Baixa de Título Negativado Sem Protesto</field>
        <field name="code">46</field>
        <field
            name="payment_method_ids"
            eval="[(6,0,[ref('payment_mode_type_cnab240')])]"
        />
        <field name="bank_ids" eval="[(6,0,[ref('l10n_br_base.res_bank_237')])]" />
    </record>

    <!-- Codigo de Retorno do Movimento -->
    <!-- Banco Bradesco CNAB 240 - https://banco.bradesco/assets/pessoajuridica/pdf/4008-523-0687-layout-multipag.pdf -->
    <record id="bradesco_240_return_02" model="l10n_br_cnab.return.move.code">
        <field name="name">Entrada Confirmada</field>
        <field name="code">02</field>
        <field
            name="payment_method_ids"
            eval="[(6,0,[ref('payment_mode_type_cnab240')])]"
        />
        <field name="bank_ids" eval="[(6,0,[ref('l10n_br_base.res_bank_237')])]" />
    </record>

    <record id="bradesco_240_return_03" model="l10n_br_cnab.return.move.code">
        <field name="name">Entrada Rejeitada</field>
        <field name="code">03</field>
        <field
            name="payment_method_ids"
            eval="[(6,0,[ref('payment_mode_type_cnab240')])]"
        />
        <field name="bank_ids" eval="[(6,0,[ref('l10n_br_base.res_bank_237')])]" />
    </record>

    <record id="bradesco_240_return_04" model="l10n_br_cnab.return.move.code">
        <field name="name">Transferência de Carteira/Entrada</field>
        <field name="code">04</field>
        <field
            name="payment_method_ids"
            eval="[(6,0,[ref('payment_mode_type_cnab240')])]"
        />
        <field name="bank_ids" eval="[(6,0,[ref('l10n_br_base.res_bank_237')])]" />
    </record>

    <record id="bradesco_240_return_05" model="l10n_br_cnab.return.move.code">
        <field name="name">Transferência de Carteira/Baixa</field>
        <field name="code">05</field>
        <field
            name="payment_method_ids"
            eval="[(6,0,[ref('payment_mode_type_cnab240')])]"
        />
        <field name="bank_ids" eval="[(6,0,[ref('l10n_br_base.res_bank_237')])]" />
    </record>

    <record id="bradesco_240_return_06" model="l10n_br_cnab.return.move.code">
        <field name="name">Liquidação</field>
        <field name="code">06</field>
        <field
            name="payment_method_ids"
            eval="[(6,0,[ref('payment_mode_type_cnab240')])]"
        />
        <field name="bank_ids" eval="[(6,0,[ref('l10n_br_base.res_bank_237')])]" />
    </record>

    <record id="bradesco_240_return_07" model="l10n_br_cnab.return.move.code">
        <field name="name">Confirmação do Recebimento da Instrução de Desconto</field>
        <field name="code">07</field>
        <field
            name="payment_method_ids"
            eval="[(6,0,[ref('payment_mode_type_cnab240')])]"
        />
        <field name="bank_ids" eval="[(6,0,[ref('l10n_br_base.res_bank_237')])]" />
    </record>

    <record id="bradesco_240_return_08" model="l10n_br_cnab.return.move.code">
        <field
            name="name"
        >Confirmação do Recebimento do Cancelamento do Desconto</field>
        <field name="code">08</field>
        <field
            name="payment_method_ids"
            eval="[(6,0,[ref('payment_mode_type_cnab240')])]"
        />
        <field name="bank_ids" eval="[(6,0,[ref('l10n_br_base.res_bank_237')])]" />
    </record>

    <record id="bradesco_240_return_09" model="l10n_br_cnab.return.move.code">
        <field name="name">Baixa</field>
        <field name="code">09</field>
        <field
            name="payment_method_ids"
            eval="[(6,0,[ref('payment_mode_type_cnab240')])]"
        />
        <field name="bank_ids" eval="[(6,0,[ref('l10n_br_base.res_bank_237')])]" />
    </record>

    <record id="bradesco_240_return_11" model="l10n_br_cnab.return.move.code">
        <field name="name">Títulos em Carteira (Em Ser)</field>
        <field name="code">11</field>
        <field
            name="payment_method_ids"
            eval="[(6,0,[ref('payment_mode_type_cnab240')])]"
        />
        <field name="bank_ids" eval="[(6,0,[ref('l10n_br_base.res_bank_237')])]" />
    </record>

    <record id="bradesco_240_return_12" model="l10n_br_cnab.return.move.code">
        <field name="name">Confirmação Recebimento Instrução de Abatimento</field>
        <field name="code">12</field>
        <field
            name="payment_method_ids"
            eval="[(6,0,[ref('payment_mode_type_cnab240')])]"
        />
        <field name="bank_ids" eval="[(6,0,[ref('l10n_br_base.res_bank_237')])]" />
    </record>

    <record id="bradesco_240_return_13" model="l10n_br_cnab.return.move.code">
        <field
            name="name"
        >Confirmação Recebimento Instrução de Cancelamento Abatimento</field>
        <field name="code">13</field>
        <field
            name="payment_method_ids"
            eval="[(6,0,[ref('payment_mode_type_cnab240')])]"
        />
        <field name="bank_ids" eval="[(6,0,[ref('l10n_br_base.res_bank_237')])]" />
    </record>

    <record id="bradesco_240_return_14" model="l10n_br_cnab.return.move.code">
        <field
            name="name"
        >Confirmação Recebimento Instrução Alteração de Vencimento</field>
        <field name="code">14</field>
        <field
            name="payment_method_ids"
            eval="[(6,0,[ref('payment_mode_type_cnab240')])]"
        />
        <field name="bank_ids" eval="[(6,0,[ref('l10n_br_base.res_bank_237')])]" />
    </record>

    <record id="bradesco_240_return_15" model="l10n_br_cnab.return.move.code">
        <field name="name">Franco de Pagamento</field>
        <field name="code">15</field>
        <field
            name="payment_method_ids"
            eval="[(6,0,[ref('payment_mode_type_cnab240')])]"
        />
        <field name="bank_ids" eval="[(6,0,[ref('l10n_br_base.res_bank_237')])]" />
    </record>

    <record id="bradesco_240_return_17" model="l10n_br_cnab.return.move.code">
        <field
            name="name"
        >Liquidação Após Baixa ou Liquidação Título Não Registrado</field>
        <field name="code">17</field>
        <field
            name="payment_method_ids"
            eval="[(6,0,[ref('payment_mode_type_cnab240')])]"
        />
        <field name="bank_ids" eval="[(6,0,[ref('l10n_br_base.res_bank_237')])]" />
    </record>

    <record id="bradesco_240_return_19" model="l10n_br_cnab.return.move.code">
        <field name="name">Confirmação Recebimento Instrução de Protesto</field>
        <field name="code">19</field>
        <field
            name="payment_method_ids"
            eval="[(6,0,[ref('payment_mode_type_cnab240')])]"
        />
        <field name="bank_ids" eval="[(6,0,[ref('l10n_br_base.res_bank_237')])]" />
    </record>

    <record id="bradesco_240_return_20" model="l10n_br_cnab.return.move.code">
        <field
            name="name"
        >Confirmação Recebimento Instrução de Sustação/Cancelamento de Protesto</field>
        <field name="code">20</field>
        <field
            name="payment_method_ids"
            eval="[(6,0,[ref('payment_mode_type_cnab240')])]"
        />
        <field name="bank_ids" eval="[(6,0,[ref('l10n_br_base.res_bank_237')])]" />
    </record>

    <record id="bradesco_240_return_23" model="l10n_br_cnab.return.move.code">
        <field name="name">Remessa a Cartório (Aponte em Cartório)</field>
        <field name="code">23</field>
        <field
            name="payment_method_ids"
            eval="[(6,0,[ref('payment_mode_type_cnab240')])]"
        />
        <field name="bank_ids" eval="[(6,0,[ref('l10n_br_base.res_bank_237')])]" />
    </record>

    <record id="bradesco_240_return_24" model="l10n_br_cnab.return.move.code">
        <field name="name">Retirada de Cartório e Manutenção em Carteira</field>
        <field name="code">24</field>
        <field
            name="payment_method_ids"
            eval="[(6,0,[ref('payment_mode_type_cnab240')])]"
        />
        <field name="bank_ids" eval="[(6,0,[ref('l10n_br_base.res_bank_237')])]" />
    </record>

    <record id="bradesco_240_return_25" model="l10n_br_cnab.return.move.code">
        <field name="name">Protestado e Baixado (Baixa por Ter Sido Protestado)</field>
        <field name="code">25</field>
        <field
            name="payment_method_ids"
            eval="[(6,0,[ref('payment_mode_type_cnab240')])]"
        />
        <field name="bank_ids" eval="[(6,0,[ref('l10n_br_base.res_bank_237')])]" />
    </record>

    <record id="bradesco_240_return_26" model="l10n_br_cnab.return.move.code">
        <field name="name">Instrução Rejeitada</field>
        <field name="code">26</field>
        <field
            name="payment_method_ids"
            eval="[(6,0,[ref('payment_mode_type_cnab240')])]"
        />
        <field name="bank_ids" eval="[(6,0,[ref('l10n_br_base.res_bank_237')])]" />
    </record>

    <record id="bradesco_240_return_27" model="l10n_br_cnab.return.move.code">
        <field name="name">Confirmação do Pedido de Alteração de Outros Dados</field>
        <field name="code">27</field>
        <field
            name="payment_method_ids"
            eval="[(6,0,[ref('payment_mode_type_cnab240')])]"
        />
        <field name="bank_ids" eval="[(6,0,[ref('l10n_br_base.res_bank_237')])]" />
    </record>

    <record id="bradesco_240_return_28" model="l10n_br_cnab.return.move.code">
        <field name="name">Débito de Tarifas/Custas</field>
        <field name="code">28</field>
        <field
            name="payment_method_ids"
            eval="[(6,0,[ref('payment_mode_type_cnab240')])]"
        />
        <field name="bank_ids" eval="[(6,0,[ref('l10n_br_base.res_bank_237')])]" />
    </record>

    <record id="bradesco_240_return_29" model="l10n_br_cnab.return.move.code">
        <field name="name">Ocorrências do Sacado</field>
        <field name="code">29</field>
        <field
            name="payment_method_ids"
            eval="[(6,0,[ref('payment_mode_type_cnab240')])]"
        />
        <field name="bank_ids" eval="[(6,0,[ref('l10n_br_base.res_bank_237')])]" />
    </record>

    <record id="bradesco_240_return_30" model="l10n_br_cnab.return.move.code">
        <field name="name">Alteração de Dados Rejeitada</field>
        <field name="code">30</field>
        <field
            name="payment_method_ids"
            eval="[(6,0,[ref('payment_mode_type_cnab240')])]"
        />
        <field name="bank_ids" eval="[(6,0,[ref('l10n_br_base.res_bank_237')])]" />
    </record>

    <record id="bradesco_240_return_33" model="l10n_br_cnab.return.move.code">
        <field
            name="name"
        >Confirmação da Alteração dos Dados do Rateio de Crédito</field>
        <field name="code">33</field>
        <field
            name="payment_method_ids"
            eval="[(6,0,[ref('payment_mode_type_cnab240')])]"
        />
        <field name="bank_ids" eval="[(6,0,[ref('l10n_br_base.res_bank_237')])]" />
    </record>

    <record id="bradesco_240_return_34" model="l10n_br_cnab.return.move.code">
        <field
            name="name"
        >Confirmação do Cancelamento dos Dados do Rateio de Crédito</field>
        <field name="code">34</field>
        <field
            name="payment_method_ids"
            eval="[(6,0,[ref('payment_mode_type_cnab240')])]"
        />
        <field name="bank_ids" eval="[(6,0,[ref('l10n_br_base.res_bank_237')])]" />
    </record>

    <record id="bradesco_240_return_35" model="l10n_br_cnab.return.move.code">
        <field name="name">Confirmação do Desagendamento do Débito Automático</field>
        <field name="code">35</field>
        <field
            name="payment_method_ids"
            eval="[(6,0,[ref('payment_mode_type_cnab240')])]"
        />
        <field name="bank_ids" eval="[(6,0,[ref('l10n_br_base.res_bank_237')])]" />
    </record>

    <record id="bradesco_240_return_36" model="l10n_br_cnab.return.move.code">
        <field name="name">Confirmação de envio de e-mail/SMS</field>
        <field name="code">36</field>
        <field
            name="payment_method_ids"
            eval="[(6,0,[ref('payment_mode_type_cnab240')])]"
        />
        <field name="bank_ids" eval="[(6,0,[ref('l10n_br_base.res_bank_237')])]" />
    </record>

    <record id="bradesco_240_return_37" model="l10n_br_cnab.return.move.code">
        <field name="name">Envio de e-mail/SMS rejeitado</field>
        <field name="code">37</field>
        <field
            name="payment_method_ids"
            eval="[(6,0,[ref('payment_mode_type_cnab240')])]"
        />
        <field name="bank_ids" eval="[(6,0,[ref('l10n_br_base.res_bank_237')])]" />
    </record>

    <record id="bradesco_240_return_38" model="l10n_br_cnab.return.move.code">
        <field
            name="name"
        >Confirmação de alteração do Prazo Limite de Recebimento (a data deve ser informada no campo 28.3.p)</field>
        <field name="code">38</field>
        <field
            name="payment_method_ids"
            eval="[(6,0,[ref('payment_mode_type_cnab240')])]"
        />
        <field name="bank_ids" eval="[(6,0,[ref('l10n_br_base.res_bank_237')])]" />
    </record>

    <record id="bradesco_240_return_39" model="l10n_br_cnab.return.move.code">
        <field
            name="name"
        >Confirmação de Dispensa de Prazo Limite de Recebimento</field>
        <field name="code">39</field>
        <field
            name="payment_method_ids"
            eval="[(6,0,[ref('payment_mode_type_cnab240')])]"
        />
        <field name="bank_ids" eval="[(6,0,[ref('l10n_br_base.res_bank_237')])]" />
    </record>

    <record id="bradesco_240_return_40" model="l10n_br_cnab.return.move.code">
        <field
            name="name"
        >Confirmação da alteração do número do título dado pelo cedente</field>
        <field name="code">40</field>
        <field
            name="payment_method_ids"
            eval="[(6,0,[ref('payment_mode_type_cnab240')])]"
        />
        <field name="bank_ids" eval="[(6,0,[ref('l10n_br_base.res_bank_237')])]" />
    </record>

    <record id="bradesco_240_return_41" model="l10n_br_cnab.return.move.code">
        <field
            name="name"
        >Confirmação da alteração do número controle do Participante</field>
        <field name="code">41</field>
        <field
            name="payment_method_ids"
            eval="[(6,0,[ref('payment_mode_type_cnab240')])]"
        />
        <field name="bank_ids" eval="[(6,0,[ref('l10n_br_base.res_bank_237')])]" />
    </record>

    <record id="bradesco_240_return_42" model="l10n_br_cnab.return.move.code">
        <field name="name">Confirmação da alteração dos dados do Sacado</field>
        <field name="code">42</field>
        <field
            name="payment_method_ids"
            eval="[(6,0,[ref('payment_mode_type_cnab240')])]"
        />
        <field name="bank_ids" eval="[(6,0,[ref('l10n_br_base.res_bank_237')])]" />
    </record>

    <record id="bradesco_240_return_43" model="l10n_br_cnab.return.move.code">
        <field
            name="name"
        >Confirmação da alteração dos dados do Sacador/Avalista</field>
        <field name="code">43</field>
        <field
            name="payment_method_ids"
            eval="[(6,0,[ref('payment_mode_type_cnab240')])]"
        />
        <field name="bank_ids" eval="[(6,0,[ref('l10n_br_base.res_bank_237')])]" />
    </record>

    <record id="bradesco_240_return_44" model="l10n_br_cnab.return.move.code">
        <field name="name">Título pago com cheque devolvido</field>
        <field name="code">44</field>
        <field
            name="payment_method_ids"
            eval="[(6,0,[ref('payment_mode_type_cnab240')])]"
        />
        <field name="bank_ids" eval="[(6,0,[ref('l10n_br_base.res_bank_237')])]" />
    </record>

    <record id="bradesco_240_return_45" model="l10n_br_cnab.return.move.code">
        <field name="name">Título pago com cheque compensado</field>
        <field name="code">45</field>
        <field
            name="payment_method_ids"
            eval="[(6,0,[ref('payment_mode_type_cnab240')])]"
        />
        <field name="bank_ids" eval="[(6,0,[ref('l10n_br_base.res_bank_237')])]" />
    </record>

    <record id="bradesco_240_return_46" model="l10n_br_cnab.return.move.code">
        <field name="name">Instrução para cancelar protesto confirmada</field>
        <field name="code">46</field>
        <field
            name="payment_method_ids"
            eval="[(6,0,[ref('payment_mode_type_cnab240')])]"
        />
        <field name="bank_ids" eval="[(6,0,[ref('l10n_br_base.res_bank_237')])]" />
    </record>

    <record id="bradesco_240_return_47" model="l10n_br_cnab.return.move.code">
        <field
            name="name"
        >Instrução para protesto para fins falimentares confirmada</field>
        <field name="code">47</field>
        <field
            name="payment_method_ids"
            eval="[(6,0,[ref('payment_mode_type_cnab240')])]"
        />
        <field name="bank_ids" eval="[(6,0,[ref('l10n_br_base.res_bank_237')])]" />
    </record>

    <record id="bradesco_240_return_48" model="l10n_br_cnab.return.move.code">
        <field
            name="name"
        >Confirmação de instrução de transferência de carteira/modalidade de cobrança</field>
        <field name="code">48</field>
        <field
            name="payment_method_ids"
            eval="[(6,0,[ref('payment_mode_type_cnab240')])]"
        />
        <field name="bank_ids" eval="[(6,0,[ref('l10n_br_base.res_bank_237')])]" />
    </record>

    <record id="bradesco_240_return_49" model="l10n_br_cnab.return.move.code">
        <field name="name">Alteração de contrato de cobrança</field>
        <field name="code">49</field>
        <field
            name="payment_method_ids"
            eval="[(6,0,[ref('payment_mode_type_cnab240')])]"
        />
        <field name="bank_ids" eval="[(6,0,[ref('l10n_br_base.res_bank_237')])]" />
    </record>

    <record id="bradesco_240_return_50" model="l10n_br_cnab.return.move.code">
        <field name="name">Título pago com cheque pendente de liquidação</field>
        <field name="code">50</field>
        <field
            name="payment_method_ids"
            eval="[(6,0,[ref('payment_mode_type_cnab240')])]"
        />
        <field name="bank_ids" eval="[(6,0,[ref('l10n_br_base.res_bank_237')])]" />
    </record>

    <record id="bradesco_240_return_51" model="l10n_br_cnab.return.move.code">
        <field name="name">Título DDA reconhecido pelo sacado</field>
        <field name="code">51</field>
        <field
            name="payment_method_ids"
            eval="[(6,0,[ref('payment_mode_type_cnab240')])]"
        />
        <field name="bank_ids" eval="[(6,0,[ref('l10n_br_base.res_bank_237')])]" />
    </record>

    <record id="bradesco_240_return_52" model="l10n_br_cnab.return.move.code">
        <field name="name">Título DDA não reconhecido pelo sacado</field>
        <field name="code">52</field>
        <field
            name="payment_method_ids"
            eval="[(6,0,[ref('payment_mode_type_cnab240')])]"
        />
        <field name="bank_ids" eval="[(6,0,[ref('l10n_br_base.res_bank_237')])]" />
    </record>

    <record id="bradesco_240_return_53" model="l10n_br_cnab.return.move.code">
        <field name="name">Título DDA recusado pela CIP</field>
        <field name="code">53</field>
        <field
            name="payment_method_ids"
            eval="[(6,0,[ref('payment_mode_type_cnab240')])]"
        />
        <field name="bank_ids" eval="[(6,0,[ref('l10n_br_base.res_bank_237')])]" />
    </record>

    <record id="bradesco_240_return_54" model="l10n_br_cnab.return.move.code">
        <field
            name="name"
        >Confirmação da Instrução de Baixa de Título Negativado sem Protesto</field>
        <field name="code">54</field>
        <field
            name="payment_method_ids"
            eval="[(6,0,[ref('payment_mode_type_cnab240')])]"
        />
        <field name="bank_ids" eval="[(6,0,[ref('l10n_br_base.res_bank_237')])]" />
    </record>

    <record id="bradesco_240_return_55" model="l10n_br_cnab.return.move.code">
        <field name="name">Confirmação de pedido de dispensa de multa</field>
        <field name="code">55</field>
        <field
            name="payment_method_ids"
            eval="[(6,0,[ref('payment_mode_type_cnab240')])]"
        />
        <field name="bank_ids" eval="[(6,0,[ref('l10n_br_base.res_bank_237')])]" />
    </record>

    <record id="bradesco_240_return_56" model="l10n_br_cnab.return.move.code">
        <field name="name">Confirmação de pedido de cobrança de multa</field>
        <field name="code">56</field>
        <field
            name="payment_method_ids"
            eval="[(6,0,[ref('payment_mode_type_cnab240')])]"
        />
        <field name="bank_ids" eval="[(6,0,[ref('l10n_br_base.res_bank_237')])]" />
    </record>

    <record id="bradesco_240_return_57" model="l10n_br_cnab.return.move.code">
        <field
            name="name"
        >Confirmação de pedido de alteração de cobrança de juros</field>
        <field name="code">57</field>
        <field
            name="payment_method_ids"
            eval="[(6,0,[ref('payment_mode_type_cnab240')])]"
        />
        <field name="bank_ids" eval="[(6,0,[ref('l10n_br_base.res_bank_237')])]" />
    </record>

    <record id="bradesco_240_return_58" model="l10n_br_cnab.return.move.code">
        <field
            name="name"
        >Confirmação de pedido de alteração de valor/data de desconto</field>
        <field name="code">58</field>
        <field
            name="payment_method_ids"
            eval="[(6,0,[ref('payment_mode_type_cnab240')])]"
        />
        <field name="bank_ids" eval="[(6,0,[ref('l10n_br_base.res_bank_237')])]" />
    </record>

    <record id="bradesco_240_return_59" model="l10n_br_cnab.return.move.code">
        <field
            name="name"
        >Confirmação de pedido de alteração do cedente do título</field>
        <field name="code">59</field>
        <field
            name="payment_method_ids"
            eval="[(6,0,[ref('payment_mode_type_cnab240')])]"
        />
        <field name="bank_ids" eval="[(6,0,[ref('l10n_br_base.res_bank_237')])]" />
    </record>

    <record id="bradesco_240_return_60" model="l10n_br_cnab.return.move.code">
        <field name="name">Confirmação de pedido de dispensa de juros de mora</field>
        <field name="code">60</field>
        <field
            name="payment_method_ids"
            eval="[(6,0,[ref('payment_mode_type_cnab240')])]"
        />
        <field name="bank_ids" eval="[(6,0,[ref('l10n_br_base.res_bank_237')])]" />
    </record>

    <!-- CNAB 400 -->
    <!-- Banco Bradesco - CNAB 400 -  https://banco.bradesco/assets/pessoajuridica/pdf/4008-524-0121-layout-cobranca-versao-portugues.pdf -->

    <!-- Codigos de Instrução do Movimento -->
    <record id="bradesco_400_instruction_01" model="l10n_br_cnab.mov.instruction.code">
        <field name="name">Remessa</field>
        <field name="code">01</field>
        <field
            name="payment_method_ids"
            eval="[(6,0,[ref('payment_mode_type_cnab400')])]"
        />
        <field name="bank_ids" eval="[(6,0,[ref('l10n_br_base.res_bank_237')])]" />
    </record>

    <record id="bradesco_400_instruction_02" model="l10n_br_cnab.mov.instruction.code">
        <field name="name">Pedido de Baixa</field>
        <field name="code">02</field>
        <field
            name="payment_method_ids"
            eval="[(6,0,[ref('payment_mode_type_cnab400')])]"
        />
        <field name="bank_ids" eval="[(6,0,[ref('l10n_br_base.res_bank_237')])]" />
    </record>

    <record id="bradesco_400_instruction_03" model="l10n_br_cnab.mov.instruction.code">
        <field name="name">Pedido de Protesto Falimentar</field>
        <field name="code">03</field>
        <field
            name="payment_method_ids"
            eval="[(6,0,[ref('payment_mode_type_cnab400')])]"
        />
        <field name="bank_ids" eval="[(6,0,[ref('l10n_br_base.res_bank_237')])]" />
    </record>

    <record id="bradesco_400_instruction_04" model="l10n_br_cnab.mov.instruction.code">
        <field name="name">Concessão de Abatimento</field>
        <field name="code">04</field>
        <field
            name="payment_method_ids"
            eval="[(6,0,[ref('payment_mode_type_cnab400')])]"
        />
        <field name="bank_ids" eval="[(6,0,[ref('l10n_br_base.res_bank_237')])]" />
    </record>

    <record id="bradesco_400_instruction_05" model="l10n_br_cnab.mov.instruction.code">
        <field name="name">Cancelamento de Abatimento Concedido</field>
        <field name="code">05</field>
        <field
            name="payment_method_ids"
            eval="[(6,0,[ref('payment_mode_type_cnab400')])]"
        />
        <field name="bank_ids" eval="[(6,0,[ref('l10n_br_base.res_bank_237')])]" />
    </record>

    <record id="bradesco_400_instruction_06" model="l10n_br_cnab.mov.instruction.code">
        <field name="name">Alteração de Vencimento</field>
        <field name="code">06</field>
        <field
            name="payment_method_ids"
            eval="[(6,0,[ref('payment_mode_type_cnab400')])]"
        />
        <field name="bank_ids" eval="[(6,0,[ref('l10n_br_base.res_bank_237')])]" />
    </record>

    <record id="bradesco_400_instruction_07" model="l10n_br_cnab.mov.instruction.code">
        <field name="name">Alteração do Controle do Participante</field>
        <field name="code">07</field>
        <field
            name="payment_method_ids"
            eval="[(6,0,[ref('payment_mode_type_cnab400')])]"
        />
        <field name="bank_ids" eval="[(6,0,[ref('l10n_br_base.res_bank_237')])]" />
    </record>

    <record id="bradesco_400_instruction_08" model="l10n_br_cnab.mov.instruction.code">
        <field name="name">Alteração de seu Número</field>
        <field name="code">08</field>
        <field
            name="payment_method_ids"
            eval="[(6,0,[ref('payment_mode_type_cnab400')])]"
        />
        <field name="bank_ids" eval="[(6,0,[ref('l10n_br_base.res_bank_237')])]" />
    </record>

    <record id="bradesco_400_instruction_09" model="l10n_br_cnab.mov.instruction.code">
        <field name="name">Pedido de Protesto</field>
        <field name="code">09</field>
        <field
            name="payment_method_ids"
            eval="[(6,0,[ref('payment_mode_type_cnab400')])]"
        />
        <field name="bank_ids" eval="[(6,0,[ref('l10n_br_base.res_bank_237')])]" />
    </record>

    <record id="bradesco_400_instruction_12" model="l10n_br_cnab.mov.instruction.code">
        <field name="name">Ped. Exc. de Cadastro Pagador Débito</field>
        <field name="code">12</field>
        <field
            name="payment_method_ids"
            eval="[(6,0,[ref('payment_mode_type_cnab400')])]"
        />
        <field name="bank_ids" eval="[(6,0,[ref('l10n_br_base.res_bank_237')])]" />
    </record>

    <record id="bradesco_400_instruction_13" model="l10n_br_cnab.mov.instruction.code">
        <field name="name">Inclusão de Cadastro Pagador</field>
        <field name="code">13</field>
        <field
            name="payment_method_ids"
            eval="[(6,0,[ref('payment_mode_type_cnab400')])]"
        />
        <field name="bank_ids" eval="[(6,0,[ref('l10n_br_base.res_bank_237')])]" />
    </record>

    <record id="bradesco_400_instruction_14" model="l10n_br_cnab.mov.instruction.code">
        <field name="name">Alteração Cadastro Pagador</field>
        <field name="code">14</field>
        <field
            name="payment_method_ids"
            eval="[(6,0,[ref('payment_mode_type_cnab400')])]"
        />
        <field name="bank_ids" eval="[(6,0,[ref('l10n_br_base.res_bank_237')])]" />
    </record>

    <record id="bradesco_400_instruction_18" model="l10n_br_cnab.mov.instruction.code">
        <field name="name">Sustar Protesto e Baixar Título</field>
        <field name="code">18</field>
        <field
            name="payment_method_ids"
            eval="[(6,0,[ref('payment_mode_type_cnab400')])]"
        />
        <field name="bank_ids" eval="[(6,0,[ref('l10n_br_base.res_bank_237')])]" />
    </record>

    <record id="bradesco_400_instruction_19" model="l10n_br_cnab.mov.instruction.code">
        <field name="name">Sustar Protesto e Manter em Carteira</field>
        <field name="code">19</field>
        <field
            name="payment_method_ids"
            eval="[(6,0,[ref('payment_mode_type_cnab400')])]"
        />
        <field name="bank_ids" eval="[(6,0,[ref('l10n_br_base.res_bank_237')])]" />
    </record>

    <record id="bradesco_400_instruction_20" model="l10n_br_cnab.mov.instruction.code">
        <field name="name">Alteração de Valor*</field>
        <field name="code">20</field>
        <field
            name="payment_method_ids"
            eval="[(6,0,[ref('payment_mode_type_cnab400')])]"
        />
        <field name="bank_ids" eval="[(6,0,[ref('l10n_br_base.res_bank_237')])]" />
    </record>

    <record id="bradesco_400_instruction_22" model="l10n_br_cnab.mov.instruction.code">
        <field name="name">Transferência Cessão Crédito ID. Prod.10</field>
        <field name="code">22</field>
        <field
            name="payment_method_ids"
            eval="[(6,0,[ref('payment_mode_type_cnab400')])]"
        />
        <field name="bank_ids" eval="[(6,0,[ref('l10n_br_base.res_bank_237')])]" />
    </record>

    <record id="bradesco_400_instruction_23" model="l10n_br_cnab.mov.instruction.code">
        <field name="name">Transferência entre Carteiras</field>
        <field name="code">23</field>
        <field
            name="payment_method_ids"
            eval="[(6,0,[ref('payment_mode_type_cnab400')])]"
        />
        <field name="bank_ids" eval="[(6,0,[ref('l10n_br_base.res_bank_237')])]" />
    </record>

    <record id="bradesco_400_instruction_24" model="l10n_br_cnab.mov.instruction.code">
        <field name="name">Dev. Transferência entre Carteiras</field>
        <field name="code">24</field>
        <field
            name="payment_method_ids"
            eval="[(6,0,[ref('payment_mode_type_cnab400')])]"
        />
        <field name="bank_ids" eval="[(6,0,[ref('l10n_br_base.res_bank_237')])]" />
    </record>

    <record id="bradesco_400_instruction_31" model="l10n_br_cnab.mov.instruction.code">
        <field name="name">Alteração de Outros Dados</field>
        <field name="code">31</field>
        <field
            name="payment_method_ids"
            eval="[(6,0,[ref('payment_mode_type_cnab400')])]"
        />
        <field name="bank_ids" eval="[(6,0,[ref('l10n_br_base.res_bank_237')])]" />
    </record>

    <record id="bradesco_400_instruction_32" model="l10n_br_cnab.mov.instruction.code">
        <field name="name">Instrução de Negativação</field>
        <field name="code">32</field>
        <field
            name="payment_method_ids"
            eval="[(6,0,[ref('payment_mode_type_cnab400')])]"
        />
        <field name="bank_ids" eval="[(6,0,[ref('l10n_br_base.res_bank_237')])]" />
    </record>

    <record id="bradesco_400_instruction_45" model="l10n_br_cnab.mov.instruction.code">
        <field name="name">Pedido de Negativação</field>
        <field name="code">45</field>
        <field
            name="payment_method_ids"
            eval="[(6,0,[ref('payment_mode_type_cnab400')])]"
        />
        <field name="bank_ids" eval="[(6,0,[ref('l10n_br_base.res_bank_237')])]" />
    </record>

    <record id="bradesco_400_instruction_46" model="l10n_br_cnab.mov.instruction.code">
        <field name="name">Excluir Negativação com Baixa</field>
        <field name="code">46</field>
        <field
            name="payment_method_ids"
            eval="[(6,0,[ref('payment_mode_type_cnab400')])]"
        />
        <field name="bank_ids" eval="[(6,0,[ref('l10n_br_base.res_bank_237')])]" />
    </record>

    <record id="bradesco_400_instruction_47" model="l10n_br_cnab.mov.instruction.code">
        <field name="name">Excluir Negativação e Manter Pendente</field>
        <field name="code">47</field>
        <field
            name="payment_method_ids"
            eval="[(6,0,[ref('payment_mode_type_cnab400')])]"
        />
        <field name="bank_ids" eval="[(6,0,[ref('l10n_br_base.res_bank_237')])]" />
    </record>

    <record id="bradesco_400_instruction_68" model="l10n_br_cnab.mov.instruction.code">
        <field name="name">Acerto nos Dados do Rateio de Crédito</field>
        <field name="code">68</field>
        <field
            name="payment_method_ids"
            eval="[(6,0,[ref('payment_mode_type_cnab400')])]"
        />
        <field name="bank_ids" eval="[(6,0,[ref('l10n_br_base.res_bank_237')])]" />
    </record>

    <record id="bradesco_400_instruction_69" model="l10n_br_cnab.mov.instruction.code">
        <field name="name">Cancelamento do Rateio de Crédito</field>
        <field name="code">69</field>
        <field
            name="payment_method_ids"
            eval="[(6,0,[ref('payment_mode_type_cnab400')])]"
        />
        <field name="bank_ids" eval="[(6,0,[ref('l10n_br_base.res_bank_237')])]" />
    </record>

    <!-- Codigo de Retorno do Movimento -->
    <record id="bradesco_400_return_02" model="l10n_br_cnab.return.move.code">
        <field name="name">Entrada Confirmada</field>
        <field name="code">02</field>
        <field name="bank_ids" eval="[(6,0,[ref('l10n_br_base.res_bank_237')])]" />
        <field
            name="payment_method_ids"
            eval="[(6,0,[ref('payment_mode_type_cnab400')])]"
        />
    </record>

    <record id="bradesco_400_return_03" model="l10n_br_cnab.return.move.code">
        <field name="name">Entrada Rejeitada</field>
        <field name="code">03</field>
        <field name="bank_ids" eval="[(6,0,[ref('l10n_br_base.res_bank_237')])]" />
        <field
            name="payment_method_ids"
            eval="[(6,0,[ref('payment_mode_type_cnab400')])]"
        />
    </record>

    <record id="bradesco_400_return_06" model="l10n_br_cnab.return.move.code">
        <field name="name">Liquidação Normal *</field>
        <field name="code">06</field>
        <field name="bank_ids" eval="[(6,0,[ref('l10n_br_base.res_bank_237')])]" />
        <field
            name="payment_method_ids"
            eval="[(6,0,[ref('payment_mode_type_cnab400')])]"
        />
    </record>

    <record id="bradesco_400_return_07" model="l10n_br_cnab.return.move.code">
        <field name="name">Conf. Exc. Cadastro Pagador Débito</field>
        <field name="code">07</field>
        <field name="bank_ids" eval="[(6,0,[ref('l10n_br_base.res_bank_237')])]" />
        <field
            name="payment_method_ids"
            eval="[(6,0,[ref('payment_mode_type_cnab400')])]"
        />
    </record>

    <record id="bradesco_400_return_08" model="l10n_br_cnab.return.move.code">
        <field name="name">Rej. Ped. Exc. Cadastro de Pagador Débito</field>
        <field name="code">08</field>
        <field name="bank_ids" eval="[(6,0,[ref('l10n_br_base.res_bank_237')])]" />
        <field
            name="payment_method_ids"
            eval="[(6,0,[ref('payment_mode_type_cnab400')])]"
        />
    </record>

    <record id="bradesco_400_return_09" model="l10n_br_cnab.return.move.code">
        <field name="name">Baixado Automat. via Arquivo</field>
        <field name="code">09</field>
        <field name="bank_ids" eval="[(6,0,[ref('l10n_br_base.res_bank_237')])]" />
        <field
            name="payment_method_ids"
            eval="[(6,0,[ref('payment_mode_type_cnab400')])]"
        />
    </record>

    <record id="bradesco_400_return_10" model="l10n_br_cnab.return.move.code">
        <field name="name">Baixado conforme instruções da Agência</field>
        <field name="code">10</field>
        <field name="bank_ids" eval="[(6,0,[ref('l10n_br_base.res_bank_237')])]" />
        <field
            name="payment_method_ids"
            eval="[(6,0,[ref('payment_mode_type_cnab400')])]"
        />
    </record>

    <record id="bradesco_400_return_11" model="l10n_br_cnab.return.move.code">
        <field name="name">Em Ser - Arquivo de Títulos pendentes</field>
        <field name="code">11</field>
        <field name="bank_ids" eval="[(6,0,[ref('l10n_br_base.res_bank_237')])]" />
        <field
            name="payment_method_ids"
            eval="[(6,0,[ref('payment_mode_type_cnab400')])]"
        />
    </record>

    <record id="bradesco_400_return_12" model="l10n_br_cnab.return.move.code">
        <field name="name">Abatimento Concedido</field>
        <field name="code">12</field>
        <field name="bank_ids" eval="[(6,0,[ref('l10n_br_base.res_bank_237')])]" />
        <field
            name="payment_method_ids"
            eval="[(6,0,[ref('payment_mode_type_cnab400')])]"
        />
    </record>

    <record id="bradesco_400_return_13" model="l10n_br_cnab.return.move.code">
        <field name="name">Abatimento Cancelado</field>
        <field name="code">13</field>
        <field name="bank_ids" eval="[(6,0,[ref('l10n_br_base.res_bank_237')])]" />
        <field
            name="payment_method_ids"
            eval="[(6,0,[ref('payment_mode_type_cnab400')])]"
        />
    </record>

    <record id="bradesco_400_return_14" model="l10n_br_cnab.return.move.code">
        <field name="name">Vencimento Alterado</field>
        <field name="code">14</field>
        <field name="bank_ids" eval="[(6,0,[ref('l10n_br_base.res_bank_237')])]" />
        <field
            name="payment_method_ids"
            eval="[(6,0,[ref('payment_mode_type_cnab400')])]"
        />
    </record>

    <record id="bradesco_400_return_15" model="l10n_br_cnab.return.move.code">
        <field name="name">Liquidação em Cartório</field>
        <field name="code">15</field>
        <field name="bank_ids" eval="[(6,0,[ref('l10n_br_base.res_bank_237')])]" />
        <field
            name="payment_method_ids"
            eval="[(6,0,[ref('payment_mode_type_cnab400')])]"
        />
    </record>

    <record id="bradesco_400_return_16" model="l10n_br_cnab.return.move.code">
        <field name="name">Título Pago em Cheque – Vinculado</field>
        <field name="code">16</field>
        <field name="bank_ids" eval="[(6,0,[ref('l10n_br_base.res_bank_237')])]" />
        <field
            name="payment_method_ids"
            eval="[(6,0,[ref('payment_mode_type_cnab400')])]"
        />
    </record>

    <record id="bradesco_400_return_17" model="l10n_br_cnab.return.move.code">
        <field name="name">Liquidação após baixa ou Título não registrado</field>
        <field name="code">17</field>
        <field name="bank_ids" eval="[(6,0,[ref('l10n_br_base.res_bank_237')])]" />
        <field
            name="payment_method_ids"
            eval="[(6,0,[ref('payment_mode_type_cnab400')])]"
        />
    </record>

    <record id="bradesco_400_return_18" model="l10n_br_cnab.return.move.code">
        <field name="name">Acerto de Depositária</field>
        <field name="code">18</field>
        <field name="bank_ids" eval="[(6,0,[ref('l10n_br_base.res_bank_237')])]" />
        <field
            name="payment_method_ids"
            eval="[(6,0,[ref('payment_mode_type_cnab400')])]"
        />
    </record>

    <record id="bradesco_400_return_19" model="l10n_br_cnab.return.move.code">
        <field name="name">Confirmação Receb. Inst. de Protesto</field>
        <field name="code">19</field>
        <field name="bank_ids" eval="[(6,0,[ref('l10n_br_base.res_bank_237')])]" />
        <field
            name="payment_method_ids"
            eval="[(6,0,[ref('payment_mode_type_cnab400')])]"
        />
    </record>

    <record id="bradesco_400_return_20" model="l10n_br_cnab.return.move.code">
        <field
            name="name"
        >Confirmação Recebimento Instrução Sustação de Protesto</field>
        <field name="code">20</field>
        <field name="bank_ids" eval="[(6,0,[ref('l10n_br_base.res_bank_237')])]" />
        <field
            name="payment_method_ids"
            eval="[(6,0,[ref('payment_mode_type_cnab400')])]"
        />
    </record>

    <record id="bradesco_400_return_21" model="l10n_br_cnab.return.move.code">
        <field name="name">Acerto do Controle do Participante (sem motivo)</field>
        <field name="code">21</field>
        <field name="bank_ids" eval="[(6,0,[ref('l10n_br_base.res_bank_237')])]" />
        <field
            name="payment_method_ids"
            eval="[(6,0,[ref('payment_mode_type_cnab400')])]"
        />
    </record>

    <record id="bradesco_400_return_22" model="l10n_br_cnab.return.move.code">
        <field name="name">Título Com Pagamento Cancelado</field>
        <field name="code">22</field>
        <field name="bank_ids" eval="[(6,0,[ref('l10n_br_base.res_bank_237')])]" />
        <field
            name="payment_method_ids"
            eval="[(6,0,[ref('payment_mode_type_cnab400')])]"
        />
    </record>

    <record id="bradesco_400_return_23" model="l10n_br_cnab.return.move.code">
        <field name="name">Entrada do Título em Cartório (sem motivo)</field>
        <field name="code">23</field>
        <field name="bank_ids" eval="[(6,0,[ref('l10n_br_base.res_bank_237')])]" />
        <field
            name="payment_method_ids"
            eval="[(6,0,[ref('payment_mode_type_cnab400')])]"
        />
    </record>

    <record id="bradesco_400_return_24" model="l10n_br_cnab.return.move.code">
        <field name="name">Entrada rejeitada por CEP Irregular</field>
        <field name="code">24</field>
        <field name="bank_ids" eval="[(6,0,[ref('l10n_br_base.res_bank_237')])]" />
        <field
            name="payment_method_ids"
            eval="[(6,0,[ref('payment_mode_type_cnab400')])]"
        />
    </record>

    <record id="bradesco_400_return_25" model="l10n_br_cnab.return.move.code">
        <field name="name">Confirmação Receb.Inst.de Protesto Falimentar</field>
        <field name="code">25</field>
        <field name="bank_ids" eval="[(6,0,[ref('l10n_br_base.res_bank_237')])]" />
        <field
            name="payment_method_ids"
            eval="[(6,0,[ref('payment_mode_type_cnab400')])]"
        />
    </record>

    <record id="bradesco_400_return_27" model="l10n_br_cnab.return.move.code">
        <field name="name">Baixa Rejeitada</field>
        <field name="code">27</field>
        <field name="bank_ids" eval="[(6,0,[ref('l10n_br_base.res_bank_237')])]" />
        <field
            name="payment_method_ids"
            eval="[(6,0,[ref('payment_mode_type_cnab400')])]"
        />
    </record>

    <record id="bradesco_400_return_28" model="l10n_br_cnab.return.move.code">
        <field name="name">Débito de tarifas/custas</field>
        <field name="code">28</field>
        <field name="bank_ids" eval="[(6,0,[ref('l10n_br_base.res_bank_237')])]" />
        <field
            name="payment_method_ids"
            eval="[(6,0,[ref('payment_mode_type_cnab400')])]"
        />
    </record>

    <record id="bradesco_400_return_29" model="l10n_br_cnab.return.move.code">
        <field name="name">Ocorrências do Pagador</field>
        <field name="code">29</field>
        <field name="bank_ids" eval="[(6,0,[ref('l10n_br_base.res_bank_237')])]" />
        <field
            name="payment_method_ids"
            eval="[(6,0,[ref('payment_mode_type_cnab400')])]"
        />
    </record>

    <record id="bradesco_400_return_30" model="l10n_br_cnab.return.move.code">
        <field name="name">Alteração de Outros Dados Rejeitados</field>
        <field name="code">30</field>
        <field name="bank_ids" eval="[(6,0,[ref('l10n_br_base.res_bank_237')])]" />
        <field
            name="payment_method_ids"
            eval="[(6,0,[ref('payment_mode_type_cnab400')])]"
        />
    </record>

    <record id="bradesco_400_return_31" model="l10n_br_cnab.return.move.code">
        <field name="name">Confirmado Inclusão Cadastro Pagador</field>
        <field name="code">31</field>
        <field name="bank_ids" eval="[(6,0,[ref('l10n_br_base.res_bank_237')])]" />
        <field
            name="payment_method_ids"
            eval="[(6,0,[ref('payment_mode_type_cnab400')])]"
        />
    </record>

    <record id="bradesco_400_return_32" model="l10n_br_cnab.return.move.code">
        <field name="name">Instrução Rejeitada</field>
        <field name="code">32</field>
        <field name="bank_ids" eval="[(6,0,[ref('l10n_br_base.res_bank_237')])]" />
        <field
            name="payment_method_ids"
            eval="[(6,0,[ref('payment_mode_type_cnab400')])]"
        />
    </record>

    <record id="bradesco_400_return_33" model="l10n_br_cnab.return.move.code">
        <field name="name">Confirmação Pedido Alteração Outros Dados</field>
        <field name="code">33</field>
        <field name="bank_ids" eval="[(6,0,[ref('l10n_br_base.res_bank_237')])]" />
        <field
            name="payment_method_ids"
            eval="[(6,0,[ref('payment_mode_type_cnab400')])]"
        />
    </record>

    <record id="bradesco_400_return_34" model="l10n_br_cnab.return.move.code">
        <field name="name">Retirado de Cartório e Manutenção Carteira</field>
        <field name="code">34</field>
        <field name="bank_ids" eval="[(6,0,[ref('l10n_br_base.res_bank_237')])]" />
        <field
            name="payment_method_ids"
            eval="[(6,0,[ref('payment_mode_type_cnab400')])]"
        />
    </record>

    <record id="bradesco_400_return_35" model="l10n_br_cnab.return.move.code">
        <field name="name">Desagendamento do débito automático</field>
        <field name="code">35</field>
        <field name="bank_ids" eval="[(6,0,[ref('l10n_br_base.res_bank_237')])]" />
        <field
            name="payment_method_ids"
            eval="[(6,0,[ref('payment_mode_type_cnab400')])]"
        />
    </record>

    <record id="bradesco_400_return_37" model="l10n_br_cnab.return.move.code">
        <field name="name">Rejeitado Inclusão Cadastro Pagador</field>
        <field name="code">37</field>
        <field name="bank_ids" eval="[(6,0,[ref('l10n_br_base.res_bank_237')])]" />
        <field
            name="payment_method_ids"
            eval="[(6,0,[ref('payment_mode_type_cnab400')])]"
        />
    </record>

    <record id="bradesco_400_return_38" model="l10n_br_cnab.return.move.code">
        <field name="name">Confirmado Alteração Pagador</field>
        <field name="code">38</field>
        <field name="bank_ids" eval="[(6,0,[ref('l10n_br_base.res_bank_237')])]" />
        <field
            name="payment_method_ids"
            eval="[(6,0,[ref('payment_mode_type_cnab400')])]"
        />
    </record>

    <record id="bradesco_400_return_39" model="l10n_br_cnab.return.move.code">
        <field name="name">Rejeitado Alteração Cadastro Pagador</field>
        <field name="code">39</field>
        <field name="bank_ids" eval="[(6,0,[ref('l10n_br_base.res_bank_237')])]" />
        <field
            name="payment_method_ids"
            eval="[(6,0,[ref('payment_mode_type_cnab400')])]"
        />
    </record>

    <record id="bradesco_400_return_40" model="l10n_br_cnab.return.move.code">
        <field name="name">Estorno de pagamento</field>
        <field name="code">40</field>
        <field name="bank_ids" eval="[(6,0,[ref('l10n_br_base.res_bank_237')])]" />
        <field
            name="payment_method_ids"
            eval="[(6,0,[ref('payment_mode_type_cnab400')])]"
        />
    </record>

    <record id="bradesco_400_return_55" model="l10n_br_cnab.return.move.code">
        <field name="name">Sustado judicial</field>
        <field name="code">55</field>
        <field name="bank_ids" eval="[(6,0,[ref('l10n_br_base.res_bank_237')])]" />
        <field
            name="payment_method_ids"
            eval="[(6,0,[ref('payment_mode_type_cnab400')])]"
        />
    </record>

    <record id="bradesco_400_return_68" model="l10n_br_cnab.return.move.code">
        <field name="name">Acerto dos dados do rateio de Crédito</field>
        <field name="code">68</field>
        <field name="bank_ids" eval="[(6,0,[ref('l10n_br_base.res_bank_237')])]" />
        <field
            name="payment_method_ids"
            eval="[(6,0,[ref('payment_mode_type_cnab400')])]"
        />
    </record>

    <record id="bradesco_400_return_69" model="l10n_br_cnab.return.move.code">
        <field name="name">Cancelamento de Rateio</field>
        <field name="code">69</field>
        <field name="bank_ids" eval="[(6,0,[ref('l10n_br_base.res_bank_237')])]" />
        <field
            name="payment_method_ids"
            eval="[(6,0,[ref('payment_mode_type_cnab400')])]"
        />
    </record>

    <record id="bradesco_400_return_73" model="l10n_br_cnab.return.move.code">
        <field name="name">Confirmação Receb. Pedido de Negativação</field>
        <field name="code">73</field>
        <field name="bank_ids" eval="[(6,0,[ref('l10n_br_base.res_bank_237')])]" />
        <field
            name="payment_method_ids"
            eval="[(6,0,[ref('payment_mode_type_cnab400')])]"
        />
    </record>

    <record id="bradesco_400_return_74" model="l10n_br_cnab.return.move.code">
        <field name="name">Confir Pedido de Excl de Negat (com ou sem baixa)</field>
        <field name="code">74</field>
        <field name="bank_ids" eval="[(6,0,[ref('l10n_br_base.res_bank_237')])]" />
        <field
            name="payment_method_ids"
            eval="[(6,0,[ref('payment_mode_type_cnab400')])]"
        />
    </record>

    <record id="bradesco_400_return_00" model="l10n_br_cnab.return.move.code">
        <field
            name="name"
        >Nota: Para as ocorrências sem motivos, as posições serão informadas com Zeros.</field>
        <field name="code">00</field>
        <field name="bank_ids" eval="[(6,0,[ref('l10n_br_base.res_bank_237')])]" />
        <field
            name="payment_method_ids"
            eval="[(6,0,[ref('payment_mode_type_cnab400')])]"
        />
    </record>

</odoo>
